file_name,hero,attribute,prompt,midjourney_prompt
abaddon.png,Abaddon,Strength,"Vintage tarot card illustration in the style of early 1900s Art Nouveau tarot decks, bold black ink outlines, flat muted watercolour colours, aged parchment paper texture, symmetrical centred composition, one full-body figure standing in the middle third of the image: a pale knight in dark plate armour with a tall horned helm, a spectral pale horse beside him, holding a long sword wreathed in cold mist, under a rust-red sky with a large sun and rocky mountains. No text, no letters, no numbers, no border, no frame, no card edges, no watermark, no signature.","Vintage tarot card illustration in the style of early 1900s Art Nouveau tarot decks, bold black ink outlines, flat muted watercolour colours, aged parchment paper texture, symmetrical centred composition, one full-body figure standing in the middle third of the image: a pale knight in dark plate armour with a tall horned helm, a spectral pale horse beside him, holding a long sword wreathed in cold mist, under a rust-red sky with a large sun and rocky mountains. No text, no letters, no numbers, no border, no frame, no card edges, no watermark, no signature. --ar 2:3 --style raw"
alchemist.png,Alchemist,Strength,"Vintage tarot card illustration in the style of early 1900s Art Nouveau tarot decks, bold black ink outlines, flat muted watercolour colours, aged parchment paper texture, symmetrical centred composition, one full-body figure standing in the middle third of the image: a small goblin alchemist riding on the shoulders of a huge brutish ogre, glowing potion flasks and gold coins spilling around them, under a rust-red sky with a large sun and rocky mountains. No text, no letters, no numbers, no border, no frame, no card edges, no watermark, no signature.","Vintage tarot card illustration in the style of early 1900s Art Nouveau tarot decks, bold black ink outlines, flat muted watercolour colours, aged parchment paper texture, symmetrical centred composition, one full-body figure standing in the middle third of the image: a small goblin alchemist riding on the shoulders of a huge brutish ogre, glowing potion flasks and gold coins spilling around them, under a rust-red sky with a large sun and rocky mountains. No text, no letters, no numbers, no border, no frame, no card edges, no watermark, no signature. --ar 2:3 --style raw"
axe.png,Axe,Strength,"Vintage tarot card illustration in the style of early 1900s Art Nouveau tarot decks, bold black ink outlines, flat muted watercolour colours, aged parchment paper texture, symmetrical centred composition, one full-body figure standing in the middle third of the image: a huge red-skinned warrior with a topknot and braided beard, bare-chested in heavy armour, gripping an enormous double-bladed axe, under a rust-red sky with a large sun and rocky mountains. No text, no letters, no numbers, no border, no frame, no card edges, no watermark, no signature.","Vintage tarot card illustration in the style of early 1900s Art Nouveau tarot decks, bold black ink outlines, flat muted watercolour colours, aged parchment paper texture, symmetrical centred composition, one full-body figure standing in the middle third of the image: a huge red-skinned warrior with a topknot and braided beard, bare-chested in heavy armour, gripping an enormous double-bladed axe, under a rust-red sky with a large sun and rocky mountains. No text, no letters, no numbers, no border, no frame, no card edges, no watermark, no signature. --ar 2:3 --style raw"
bristleback.png,Bristleback,Strength,"Vintage tarot card illustration in the style of early 1900s Art Nouveau tarot decks, bold black ink outlines, flat muted watercolour colours, aged parchment paper texture, symmetrical centred composition, one full-body figure standing in the middle third of the image: a stout armoured boar-like beast covered in long quills, wearing a tattered scarf and holding a wooden club, under a rust-red sky with a large sun and rocky mountains. No text, no letters, no numbers, no border, no frame, no card edges, no watermark, no signature.","Vintage tarot card illustration in the style of early 1900s Art Nouveau tarot decks, bold black ink outlines, flat muted watercolour colours, aged parchment paper texture, symmetrical centred composition, one full-body figure standing in the middle third of the image: a stout armoured boar-like beast covered in long quills, wearing a tattered scarf and holding a wooden club, under a rust-red sky with a large sun and rocky mountains. No text, no letters, no numbers, no border, no frame, no card edges, no watermark, no signature. --ar 2:3 --style raw"
centaur.png,Centaur Warrunner,Strength,"Vintage tarot card illustration in the style of early 1900s Art Nouveau tarot decks, bold black ink outlines, flat muted watercolour colours, aged parchment paper texture, symmetrical centred composition, one full-body figure standing in the middle third of the image: a massive centaur warrior with a horse body, horned helmet and war paint, wielding a huge double-edged blade, under a rust-red sky with a large sun and rocky mountains. No text, no letters, no numbers, no border, no frame, no card edges, no watermark, no signature.","Vintage tarot card illustration in the style of early 1900s Art Nouveau tarot decks, bold black ink outlines, flat muted watercolour colours, aged parchment paper texture, symmetrical centred composition, one full-body figure standing in the middle third of the image: a massive centaur warrior with a horse body, horned helmet and war paint, wielding a huge double-edged blade, under a rust-red sky with a large sun and rocky mountains. No text, no letters, no numbers, no border, no frame, no card edges, no watermark, no signature. --ar 2:3 --style raw"
chaos_knight.png,Chaos Knight,Strength,"Vintage tarot card illustration in the style of early 1900s Art Nouveau tarot decks, bold black ink outlines, flat muted watercolour colours, aged parchment paper texture, symmetrical centred composition, one full-body figure standing in the middle third of the image: a dark knight in jagged red and black armour riding a pale ghostly horse, swinging a fiery flail, under a rust-red sky with a large sun and rocky mountains. No text, no letters, no numbers, no border, no frame, no card edges, no watermark, no signature.","Vintage tarot card illustration in the style of early 1900s Art Nouveau tarot decks, bold black ink outlines, flat muted watercolour colours, aged parchment paper texture, symmetrical centred composition, one full-body figure standing in the middle third of the image: a dark knight in jagged red and black armour riding a pale ghostly horse, swinging a fiery flail, under a rust-red sky with a large sun and rocky mountains. No text, no letters, no numbers, no border, no frame, no card edges, no watermark, no signature. --ar 2:3 --style raw"
dawnbreaker.png,Dawnbreaker,Strength,"Vintage tarot card illustration in the style of early 1900s Art Nouveau tarot decks, bold black ink outlines, flat muted watercolour colours, aged parchment paper texture, symmetrical centred composition, one full-body figure standing in the middle third of the image: a radiant celestial warrior woman with golden skin and star-like hair, wielding a great celestial hammer, sunlight bursting behind her, under a rust-red sky with a large sun and rocky mountains. No text, no letters, no numbers, no border, no frame, no card edges, no watermark, no signature.","Vintage tarot card illustration in the style of early 1900s Art Nouveau tarot decks, bold black ink outlines, flat muted watercolour colours, aged parchment paper texture, symmetrical centred composition, one full-body figure standing in the middle third of the image: a radiant celestial warrior woman with golden skin and star-like hair, wielding a great celestial hammer, sunlight bursting behind her, under a rust-red sky with a large sun and rocky mountains. No text, no letters, no numbers, no border, no frame, no card edges, no watermark, no signature. --ar 2:3 --style raw"
doom_bringer.png,Doom,Strength,"Vintage tarot card illustration in the style of early 1900s Art Nouveau tarot decks, bold black ink outlines, flat muted watercolour colours, aged parchment paper texture, symmetrical centred composition, one full-body figure standing in the middle third of the image: a towering red demon with burning horns and wings, holding a flaming sword, chains and fire around him, under a rust-red sky with a large sun and rocky mountains. No text, no letters, no numbers, no border, no frame, no card edges, no watermark, no signature.","Vintage tarot card illustration in the style of early 1900s Art Nouveau tarot decks, bold black ink outlines, flat muted watercolour colours, aged parchment paper texture, symmetrical centred composition, one full-body figure standing in the middle third of the image: a towering red demon with burning horns and wings, holding a flaming sword, chains and fire around him, under a rust-red sky with a large sun and rocky mountains. No text, no letters, no numbers, no border, no frame, no card edges, no watermark, no signature. --ar 2:3 --style raw"
dragon_knight.png,Dragon Knight,Strength,"Vintage tarot card illustration in the style of early 1900s Art Nouveau tarot decks, bold black ink outlines, flat muted watercolour colours, aged parchment paper texture, symmetrical centred composition, one full-body figure standing in the middle third of the image: a knight in red and gold plate armour with a dragon-crested helm and kite shield, the shadow of a great dragon behind him, under a rust-red sky with a large sun and rocky mountains. No text, no letters, no numbers, no border, no frame, no card edges, no watermark, no signature.","Vintage tarot card illustration in the style of early 1900s Art Nouveau tarot decks, bold black ink outlines, flat muted watercolour colours, aged parchment paper texture, symmetrical centred composition, one full-body figure standing in the middle third of the image: a knight in red and gold plate armour with a dragon-crested helm and kite shield, the shadow of a great dragon behind him, under a rust-red sky with a large sun and rocky mountains. No text, no letters, no numbers, no border, no frame, no card edges, no watermark, no signature. --ar 2:3 --style raw"
earth_spirit.png,Earth Spirit,Strength,"Vintage tarot card illustration in the style of early 1900s Art Nouveau tarot decks, bold black ink outlines, flat muted watercolour colours, aged parchment paper texture, symmetrical centred composition, one full-body figure standing in the middle third of the image: a jade stone warrior spirit with a carved stone body and glowing green patterns, holding a round boulder, under a rust-red sky with a large sun and rocky mountains. No text, no letters, no numbers, no border, no frame, no card edges, no watermark, no signature.","Vintage tarot card illustration in the style of early 1900s Art Nouveau tarot decks, bold black ink outlines, flat muted watercolour colours, aged parchment paper texture, symmetrical centred composition, one full-body figure standing in the middle third of the image: a jade stone warrior spirit with a carved stone body and glowing green patterns, holding a round boulder, under a rust-red sky with a large sun and rocky mountains. No text, no letters, no numbers, no border, no frame, no card edges, no watermark, no signature. --ar 2:3 --style raw"
earthshaker.png,Earthshaker,Strength,"Vintage tarot card illustration in the style of early 1900s Art Nouveau tarot decks, bold black ink outlines, flat muted watercolour colours, aged parchment paper texture, symmetrical centred composition, one full-body figure standing in the middle third of the image: a giant bull-horned shaman with a heavy wooden totem club, cracks of glowing earth beneath his hooves, under a rust-red sky with a large sun and rocky mountains. No text, no letters, no numbers, no border, no frame, no card edges, no watermark, no signature.","Vintage tarot card illustration in the style of early 1900s Art Nouveau tarot decks, bold black ink outlines, flat muted watercolour colours, aged parchment paper texture, symmetrical centred composition, one full-body figure standing in the middle third of the image: a giant bull-horned shaman with a heavy wooden totem club, cracks of glowing earth beneath his hooves, under a rust-red sky with a large sun and rocky mountains. No text, no letters, no numbers, no border, no frame, no card edges, no watermark, no signature. --ar 2:3 --style raw"
elder_titan.png,Elder Titan,Strength,"Vintage tarot card illustration in the style of early 1900s Art Nouveau tarot decks, bold black ink outlines, flat muted watercolour colours, aged parchment paper texture, symmetrical centred composition, one full-body figure standing in the middle third of the image: an ancient blue giant with a great hammer, his glowing astral spirit rising above him, the earth split below, under a rust-red sky with a large sun and rocky mountains. No text, no letters, no numbers, no border, no frame, no card edges, no watermark, no signature.","Vintage tarot card illustration in the style of early 1900s Art Nouveau tarot decks, bold black ink outlines, flat muted watercolour colours, aged parchment paper texture, symmetrical centred composition, one full-body figure standing in the middle third of the image: an ancient blue giant with a great hammer, his glowing astral spirit rising above him, the earth split below, under a rust-red sky with a large sun and rocky mountains. No text, no letters, no numbers, no border, no frame, no card edges, no watermark, no signature. --ar 2:3 --style raw"
huskar.png,Huskar,Strength,"Vintage tarot card illustration in the style of early 1900s Art Nouveau tarot decks, bold black ink outlines, flat muted watercolour colours, aged parchment paper texture, symmetrical centred composition, one full-body figure standing in the middle third of the image: a lean tribal warrior with war paint and dreadlocks, holding burning spears, flames rising from his own wounds, under a rust-red sky with a large sun and rocky mountains. No text, no letters, no numbers, no border, no frame, no card edges, no watermark, no signature.","Vintage tarot card illustration in the style of early 1900s Art Nouveau tarot decks, bold black ink outlines, flat muted watercolour colours, aged parchment paper texture, symmetrical centred composition, one full-body figure standing in the middle third of the image: a lean tribal warrior with war paint and dreadlocks, holding burning spears, flames rising from his own wounds, under a rust-red sky with a large sun and rocky mountains. No text, no letters, no numbers, no border, no frame, no card edges, no watermark, no signature. --ar 2:3 --style raw"
kunkka.png,Kunkka,Strength,"Vintage tarot card illustration in the style of early 1900s Art Nouveau tarot decks, bold black ink outlines, flat muted watercolour colours, aged parchment paper texture, symmetrical centred composition, one full-body figure standing in the middle third of the image: a proud sea captain in a long admiral's coat and tricorn hat, holding a cutlass, a ghost ship and waves behind him, under a rust-red sky with a large sun and rocky mountains. No text, no letters, no numbers, no border, no frame, no card edges, no watermark, no signature.","Vintage tarot card illustration in the style of early 1900s Art Nouveau tarot decks, bold black ink outlines, flat muted watercolour colours, aged parchment paper texture, symmetrical centred composition, one full-body figure standing in the middle third of the image: a proud sea captain in a long admiral's coat and tricorn hat, holding a cutlass, a ghost ship and waves behind him, under a rust-red sky with a large sun and rocky mountains. No text, no letters, no numbers, no border, no frame, no card edges, no watermark, no signature. --ar 2:3 --style raw"
legion_commander.png,Legion Commander,Strength,"Vintage tarot card illustration in the style of early 1900s Art Nouveau tarot decks, bold black ink outlines, flat muted watercolour colours, aged parchment paper texture, symmetrical centred composition, one full-body figure standing in the middle third of the image: a warrior commander woman in red and gold armour with a flowing war banner, raising a long sword in a duel stance, under a rust-red sky with a large sun and rocky mountains. No text, no letters, no numbers, no border, no frame, no card edges, no watermark, no signature.","Vintage tarot card illustration in the style of early 1900s Art Nouveau tarot decks, bold black ink outlines, flat muted watercolour colours, aged parchment paper texture, symmetrical centred composition, one full-body figure standing in the middle third of the image: a warrior commander woman in red and gold armour with a flowing war banner, raising a long sword in a duel stance, under a rust-red sky with a large sun and rocky mountains. No text, no letters, no numbers, no border, no frame, no card edges, no watermark, no signature. --ar 2:3 --style raw"
life_stealer.png,Lifestealer,Strength,"Vintage tarot card illustration in the style of early 1900s Art Nouveau tarot decks, bold black ink outlines, flat muted watercolour colours, aged parchment paper texture, symmetrical centred composition, one full-body figure standing in the middle third of the image: a gaunt grey ghoul with long claws crouching on all fours, broken chains hanging from his wrists, under a rust-red sky with a large sun and rocky mountains. No text, no letters, no numbers, no border, no frame, no card edges, no watermark, no signature.","Vintage tarot card illustration in the style of early 1900s Art Nouveau tarot decks, bold black ink outlines, flat muted watercolour colours, aged parchment paper texture, symmetrical centred composition, one full-body figure standing in the middle third of the image: a gaunt grey ghoul with long claws crouching on all fours, broken chains hanging from his wrists, under a rust-red sky with a large sun and rocky mountains. No text, no letters, no numbers, no border, no frame, no card edges, no watermark, no signature. --ar 2:3 --style raw"
lycan.png,Lycan,Strength,"Vintage tarot card illustration in the style of early 1900s Art Nouveau tarot decks, bold black ink outlines, flat muted watercolour colours, aged parchment paper texture, symmetrical centred composition, one full-body figure standing in the middle third of the image: a noble werewolf lord in dark armour standing between two great wolves, a full moon behind him, under a rust-red sky with a large sun and rocky mountains. No text, no letters, no numbers, no border, no frame, no card edges, no watermark, no signature.","Vintage tarot card illustration in the style of early 1900s Art Nouveau tarot decks, bold black ink outlines, flat muted watercolour colours, aged parchment paper texture, symmetrical centred composition, one full-body figure standing in the middle third of the image: a noble werewolf lord in dark armour standing between two great wolves, a full moon behind him, under a rust-red sky with a large sun and rocky mountains. No text, no letters, no numbers, no border, no frame, no card edges, no watermark, no signature. --ar 2:3 --style raw"
mars.png,Mars,Strength,"Vintage tarot card illustration in the style of early 1900s Art Nouveau tarot decks, bold black ink outlines, flat muted watercolour colours, aged parchment paper texture, symmetrical centred composition, one full-body figure standing in the middle third of the image: a war god in bronze armour with a crested helmet, a round shield and a long spear, standing in an arena, under a rust-red sky with a large sun and rocky mountains. No text, no letters, no numbers, no border, no frame, no card edges, no watermark, no signature.","Vintage tarot card illustration in the style of early 1900s Art Nouveau tarot decks, bold black ink outlines, flat muted watercolour colours, aged parchment paper texture, symmetrical centred composition, one full-body figure standing in the middle third of the image: a war god in bronze armour with a crested helmet, a round shield and a long spear, standing in an arena, under a rust-red sky with a large sun and rocky mountains. No text, no letters, no numbers, no border, no frame, no card edges, no watermark, no signature. --ar 2:3 --style raw"
night_stalker.png,Night Stalker,Strength,"Vintage tarot card illustration in the style of early 1900s Art Nouveau tarot decks, bold black ink outlines, flat muted watercolour colours, aged parchment paper texture, symmetrical centred composition, one full-body figure standing in the middle third of the image: a hunched nocturnal monster with leathery wings, huge claws and a wide fanged grin, under a rust-red sky with a large sun and rocky mountains. No text, no letters, no numbers, no border, no frame, no card edges, no watermark, no signature.","Vintage tarot card illustration in the style of early 1900s Art Nouveau tarot decks, bold black ink outlines, flat muted watercolour colours, aged parchment paper texture, symmetrical centred composition, one full-body figure standing in the middle third of the image: a hunched nocturnal monster with leathery wings, huge claws and a wide fanged grin, under a rust-red sky with a large sun and rocky mountains. No text, no letters, no numbers, no border, no frame, no card edges, no watermark, no signature. --ar 2:3 --style raw"
ogre_magi.png,Ogre Magi,Strength,"Vintage tarot card illustration in the style of early 1900s Art Nouveau tarot decks, bold black ink outlines, flat muted watercolour colours, aged parchment paper texture, symmetrical centred composition, one full-body figure standing in the middle third of the image: a two-headed blue ogre mage in red robes, both heads grinning, holding a staff with flames, under a rust-red sky with a large sun and rocky mountains. No text, no letters, no numbers, no border, no frame, no card edges, no watermark, no signature.","Vintage tarot card illustration in the style of early 1900s Art Nouveau tarot decks, bold black ink outlines, flat muted watercolour colours, aged parchment paper texture, symmetrical centred composition, one full-body figure standing in the middle third of the image: a two-headed blue ogre mage in red robes, both heads grinning, holding a staff with flames, under a rust-red sky with a large sun and rocky mountains. No text, no letters, no numbers, no border, no frame, no card edges, no watermark, no signature. --ar 2:3 --style raw"
omniknight.png,Omniknight,Strength,"Vintage tarot card illustration in the style of early 1900s Art Nouveau tarot decks, bold black ink outlines, flat muted watercolour colours, aged parchment paper texture, symmetrical centred composition, one full-body figure standing in the middle third of the image: a holy paladin in silver armour and a white cloak raising a heavy hammer, a halo of light around him, under a rust-red sky with a large sun and rocky mountains. No text, no letters, no numbers, no border, no frame, no card edges, no watermark, no signature.","Vintage tarot card illustration in the style of early 1900s Art Nouveau tarot decks, bold black ink outlines, flat muted watercolour colours, aged parchment paper texture, symmetrical centred composition, one full-body figure standing in the middle third of the image: a holy paladin in silver armour and a white cloak raising a heavy hammer, a halo of light around him, under a rust-red sky with a large sun and rocky mountains. No text, no letters, no numbers, no border, no frame, no card edges, no watermark, no signature. --ar 2:3 --style raw"
phoenix.png,Phoenix,Strength,"Vintage tarot card illustration in the style of early 1900s Art Nouveau tarot decks, bold black ink outlines, flat muted watercolour colours, aged parchment paper texture, symmetrical centred composition, one full-body figure standing in the middle third of the image: a luminous firebird of the sun with wings spread wide and a burning sphere at its heart, under a rust-red sky with a large sun and rocky mountains. No text, no letters, no numbers, no border, no frame, no card edges, no watermark, no signature.","Vintage tarot card illustration in the style of early 1900s Art Nouveau tarot decks, bold black ink outlines, flat muted watercolour colours, aged parchment paper texture, symmetrical centred composition, one full-body figure standing in the middle third of the image: a luminous firebird of the sun with wings spread wide and a burning sphere at its heart, under a rust-red sky with a large sun and rocky mountains. No text, no letters, no numbers, no border, no frame, no card edges, no watermark, no signature. --ar 2:3 --style raw"
primal_beast.png,Primal Beast,Strength,"Vintage tarot card illustration in the style of early 1900s Art Nouveau tarot decks, bold black ink outlines, flat muted watercolour colours, aged parchment paper texture, symmetrical centred composition, one full-body figure standing in the middle third of the image: an enormous horned primeval beast with tusks and a ridge of spikes on its back, charging and roaring, under a rust-red sky with a large sun and rocky mountains. No text, no letters, no numbers, no border, no frame, no card edges, no watermark, no signature.","Vintage tarot card illustration in the style of early 1900s Art Nouveau tarot decks, bold black ink outlines, flat muted watercolour colours, aged parchment paper texture, symmetrical centred composition, one full-body figure standing in the middle third of the image: an enormous horned primeval beast with tusks and a ridge of spikes on its back, charging and roaring, under a rust-red sky with a large sun and rocky mountains. No text, no letters, no numbers, no border, no frame, no card edges, no watermark, no signature. --ar 2:3 --style raw"
pudge.png,Pudge,Strength,"Vintage tarot card illustration in the style of early 1900s Art Nouveau tarot decks, bold black ink outlines, flat muted watercolour colours, aged parchment paper texture, symmetrical centred composition, one full-body figure standing in the middle third of the image: a huge stitched-together butcher with a meat hook on a chain and a cleaver, wearing a stained apron, grinning, under a rust-red sky with a large sun and rocky mountains. No text, no letters, no numbers, no border, no frame, no card edges, no watermark, no signature.","Vintage tarot card illustration in the style of early 1900s Art Nouveau tarot decks, bold black ink outlines, flat muted watercolour colours, aged parchment paper texture, symmetrical centred composition, one full-body figure standing in the middle third of the image: a huge stitched-together butcher with a meat hook on a chain and a cleaver, wearing a stained apron, grinning, under a rust-red sky with a large sun and rocky mountains. No text, no letters, no numbers, no border, no frame, no card edges, no watermark, no signature. --ar 2:3 --style raw"
slardar.png,Slardar,Strength,"Vintage tarot card illustration in the style of early 1900s Art Nouveau tarot decks, bold black ink outlines, flat muted watercolour colours, aged parchment paper texture, symmetrical centred composition, one full-body figure standing in the middle third of the image: a scaly blue sea guardian with a fin crest holding a heavy mace, standing in the surf, under a rust-red sky with a large sun and rocky mountains. No text, no letters, no numbers, no border, no frame, no card edges, no watermark, no signature.","Vintage tarot card illustration in the style of early 1900s Art Nouveau tarot decks, bold black ink outlines, flat muted watercolour colours, aged parchment paper texture, symmetrical centred composition, one full-body figure standing in the middle third of the image: a scaly blue sea guardian with a fin crest holding a heavy mace, standing in the surf, under a rust-red sky with a large sun and rocky mountains. No text, no letters, no numbers, no border, no frame, no card edges, no watermark, no signature. --ar 2:3 --style raw"
spirit_breaker.png,Spirit Breaker,Strength,"Vintage tarot card illustration in the style of early 1900s Art Nouveau tarot decks, bold black ink outlines, flat muted watercolour colours, aged parchment paper texture, symmetrical centred composition, one full-body figure standing in the middle third of the image: a massive blue bull-like spirit with glowing chains and a heavy mace, charging forward, under a rust-red sky with a large sun and rocky mountains. No text, no letters, no numbers, no border, no frame, no card edges, no watermark, no signature.","Vintage tarot card illustration in the style of early 1900s Art Nouveau tarot decks, bold black ink outlines, flat muted watercolour colours, aged parchment paper texture, symmetrical centred composition, one full-body figure standing in the middle third of the image: a massive blue bull-like spirit with glowing chains and a heavy mace, charging forward, under a rust-red sky with a large sun and rocky mountains. No text, no letters, no numbers, no border, no frame, no card edges, no watermark, no signature. --ar 2:3 --style raw"
sven.png,Sven,Strength,"Vintage tarot card illustration in the style of early 1900s Art Nouveau tarot decks, bold black ink outlines, flat muted watercolour colours, aged parchment paper texture, symmetrical centred composition, one full-body figure standing in the middle third of the image: a rogue knight in blue armour with a huge sword and a spiked shield, a storm gathering behind him, under a rust-red sky with a large sun and rocky mountains. No text, no letters, no numbers, no border, no frame, no card edges, no watermark, no signature.","Vintage tarot card illustration in the style of early 1900s Art Nouveau tarot decks, bold black ink outlines, flat muted watercolour colours, aged parchment paper texture, symmetrical centred composition, one full-body figure standing in the middle third of the image: a rogue knight in blue armour with a huge sword and a spiked shield, a storm gathering behind him, under a rust-red sky with a large sun and rocky mountains. No text, no letters, no numbers, no border, no frame, no card edges, no watermark, no signature. --ar 2:3 --style raw"
tidehunter.png,Tidehunter,Strength,"Vintage tarot card illustration in the style of early 1900s Art Nouveau tarot decks, bold black ink outlines, flat muted watercolour colours, aged parchment paper texture, symmetrical centred composition, one full-body figure standing in the middle third of the image: a bulky green sea monster with a tentacled jaw holding an anchor, waves crashing around him, under a rust-red sky with a large sun and rocky mountains. No text, no letters, no numbers, no border, no frame, no card edges, no watermark, no signature.","Vintage tarot card illustration in the style of early 1900s Art Nouveau tarot decks, bold black ink outlines, flat muted watercolour colours, aged parchment paper texture, symmetrical centred composition, one full-body figure standing in the middle third of the image: a bulky green sea monster with a tentacled jaw holding an anchor, waves crashing around him, under a rust-red sky with a large sun and rocky mountains. No text, no letters, no numbers, no border, no frame, no card edges, no watermark, no signature. --ar 2:3 --style raw"
shredder.png,Timbersaw,Strength,"Vintage tarot card illustration in the style of early 1900s Art Nouveau tarot decks, bold black ink outlines, flat muted watercolour colours, aged parchment paper texture, symmetrical centred composition, one full-body figure standing in the middle third of the image: a small goblin inside a steam-powered suit of spinning sawblades and chains, felled trees around him, under a rust-red sky with a large sun and rocky mountains. No text, no letters, no numbers, no border, no frame, no card edges, no watermark, no signature.","Vintage tarot card illustration in the style of early 1900s Art Nouveau tarot decks, bold black ink outlines, flat muted watercolour colours, aged parchment paper texture, symmetrical centred composition, one full-body figure standing in the middle third of the image: a small goblin inside a steam-powered suit of spinning sawblades and chains, felled trees around him, under a rust-red sky with a large sun and rocky mountains. No text, no letters, no numbers, no border, no frame, no card edges, no watermark, no signature. --ar 2:3 --style raw"
tiny.png,Tiny,Strength,"Vintage tarot card illustration in the style of early 1900s Art Nouveau tarot decks, bold black ink outlines, flat muted watercolour colours, aged parchment paper texture, symmetrical centred composition, one full-body figure standing in the middle third of the image: a colossal giant made of boulders and stone, holding an uprooted tree, under a rust-red sky with a large sun and rocky mountains. No text, no letters, no numbers, no border, no frame, no card edges, no watermark, no signature.","Vintage tarot card illustration in the style of early 1900s Art Nouveau tarot decks, bold black ink outlines, flat muted watercolour colours, aged parchment paper texture, symmetrical centred composition, one full-body figure standing in the middle third of the image: a colossal giant made of boulders and stone, holding an uprooted tree, under a rust-red sky with a large sun and rocky mountains. No text, no letters, no numbers, no border, no frame, no card edges, no watermark, no signature. --ar 2:3 --style raw"
treant.png,Treant Protector,Strength,"Vintage tarot card illustration in the style of early 1900s Art Nouveau tarot decks, bold black ink outlines, flat muted watercolour colours, aged parchment paper texture, symmetrical centred composition, one full-body figure standing in the middle third of the image: an ancient walking tree guardian with a mossy bark body and branch arms, flowers blooming at his feet, under a rust-red sky with a large sun and rocky mountains. No text, no letters, no numbers, no border, no frame, no card edges, no watermark, no signature.","Vintage tarot card illustration in the style of early 1900s Art Nouveau tarot decks, bold black ink outlines, flat muted watercolour colours, aged parchment paper texture, symmetrical centred composition, one full-body figure standing in the middle third of the image: an ancient walking tree guardian with a mossy bark body and branch arms, flowers blooming at his feet, under a rust-red sky with a large sun and rocky mountains. No text, no letters, no numbers, no border, no frame, no card edges, no watermark, no signature. --ar 2:3 --style raw"
tusk.png,Tusk,Strength,"Vintage tarot card illustration in the style of early 1900s Art Nouveau tarot decks, bold black ink outlines, flat muted watercolour colours, aged parchment paper texture, symmetrical centred composition, one full-body figure standing in the middle third of the image: a burly walrus warrior with ivory tusks and a fur coat, fists raised, snow falling, under a rust-red sky with a large sun and rocky mountains. No text, no letters, no numbers, no border, no frame, no card edges, no watermark, no signature.","Vintage tarot card illustration in the style of early 1900s Art Nouveau tarot decks, bold black ink outlines, flat muted watercolour colours, aged parchment paper texture, symmetrical centred composition, one full-body figure standing in the middle third of the image: a burly walrus warrior with ivory tusks and a fur coat, fists raised, snow falling, under a rust-red sky with a large sun and rocky mountains. No text, no letters, no numbers, no border, no frame, no card edges, no watermark, no signature. --ar 2:3 --style raw"
abyssal_underlord.png,Underlord,Strength,"Vintage tarot card illustration in the style of early 1900s Art Nouveau tarot decks, bold black ink outlines, flat muted watercolour colours, aged parchment paper texture, symmetrical centred composition, one full-body figure standing in the middle third of the image: a horned demonic lord in spiked armour with glowing eyes, a dark swirling portal behind him, under a rust-red sky with a large sun and rocky mountains. No text, no letters, no numbers, no border, no frame, no card edges, no watermark, no signature.","Vintage tarot card illustration in the style of early 1900s Art Nouveau tarot decks, bold black ink outlines, flat muted watercolour colours, aged parchment paper texture, symmetrical centred composition, one full-body figure standing in the middle third of the image: a horned demonic lord in spiked armour with glowing eyes, a dark swirling portal behind him, under a rust-red sky with a large sun and rocky mountains. No text, no letters, no numbers, no border, no frame, no card edges, no watermark, no signature. --ar 2:3 --style raw"
undying.png,Undying,Strength,"Vintage tarot card illustration in the style of early 1900s Art Nouveau tarot decks, bold black ink outlines, flat muted watercolour colours, aged parchment paper texture, symmetrical centred composition, one full-body figure standing in the middle third of the image: a towering rotting zombie king holding a tombstone, undead hands rising from the soil, under a rust-red sky with a large sun and rocky mountains. No text, no letters, no numbers, no border, no frame, no card edges, no watermark, no signature.","Vintage tarot card illustration in the style of early 1900s Art Nouveau tarot decks, bold black ink outlines, flat muted watercolour colours, aged parchment paper texture, symmetrical centred composition, one full-body figure standing in the middle third of the image: a towering rotting zombie king holding a tombstone, undead hands rising from the soil, under a rust-red sky with a large sun and rocky mountains. No text, no letters, no numbers, no border, no frame, no card edges, no watermark, no signature. --ar 2:3 --style raw"
skeleton_king.png,Wraith King,Strength,"Vintage tarot card illustration in the style of early 1900s Art Nouveau tarot decks, bold black ink outlines, flat muted watercolour colours, aged parchment paper texture, symmetrical centred composition, one full-body figure standing in the middle third of the image: a skeleton king with a crown and ghostly green robes, wielding a great sword, spectral flames around him, under a rust-red sky with a large sun and rocky mountains. No text, no letters, no numbers, no border, no frame, no card edges, no watermark, no signature.","Vintage tarot card illustration in the style of early 1900s Art Nouveau tarot decks, bold black ink outlines, flat muted watercolour colours, aged parchment paper texture, symmetrical centred composition, one full-body figure standing in the middle third of the image: a skeleton king with a crown and ghostly green robes, wielding a great sword, spectral flames around him, under a rust-red sky with a large sun and rocky mountains. No text, no letters, no numbers, no border, no frame, no card edges, no watermark, no signature. --ar 2:3 --style raw"
antimage.png,Anti-Mage,Agility,"Vintage tarot card illustration in the style of early 1900s Art Nouveau tarot decks, bold black ink outlines, flat muted watercolour colours, aged parchment paper texture, symmetrical centred composition, one full-body figure standing in the middle third of the image: a lean elf monk with purple hair and twin curved glaives, a magic seal shattering behind him, among green rolling hills under a pale gold sky with a rising sun. No text, no letters, no numbers, no border, no frame, no card edges, no watermark, no signature.","Vintage tarot card illustration in the style of early 1900s Art Nouveau tarot decks, bold black ink outlines, flat muted watercolour colours, aged parchment paper texture, symmetrical centred composition, one full-body figure standing in the middle third of the image: a lean elf monk with purple hair and twin curved glaives, a magic seal shattering behind him, among green rolling hills under a pale gold sky with a rising sun. No text, no letters, no numbers, no border, no frame, no card edges, no watermark, no signature. --ar 2:3 --style raw"
arc_warden.png,Arc Warden,Agility,"Vintage tarot card illustration in the style of early 1900s Art Nouveau tarot decks, bold black ink outlines, flat muted watercolour colours, aged parchment paper texture, symmetrical centred composition, one full-body figure standing in the middle third of the image: a blue spectral warden covered in electric runes, an identical glowing twin standing behind him, among green rolling hills under a pale gold sky with a rising sun. No text, no letters, no numbers, no border, no frame, no card edges, no watermark, no signature.","Vintage tarot card illustration in the style of early 1900s Art Nouveau tarot decks, bold black ink outlines, flat muted watercolour colours, aged parchment paper texture, symmetrical centred composition, one full-body figure standing in the middle third of the image: a blue spectral warden covered in electric runes, an identical glowing twin standing behind him, among green rolling hills under a pale gold sky with a rising sun. No text, no letters, no numbers, no border, no frame, no card edges, no watermark, no signature. --ar 2:3 --style raw"
bloodseeker.png,Bloodseeker,Agility,"Vintage tarot card illustration in the style of early 1900s Art Nouveau tarot decks, bold black ink outlines, flat muted watercolour colours, aged parchment paper texture, symmetrical centred composition, one full-body figure standing in the middle third of the image: a lean feral hunter in a horned bone mask with twin curved blades, blood-red mist around him, among green rolling hills under a pale gold sky with a rising sun. No text, no letters, no numbers, no border, no frame, no card edges, no watermark, no signature.","Vintage tarot card illustration in the style of early 1900s Art Nouveau tarot decks, bold black ink outlines, flat muted watercolour colours, aged parchment paper texture, symmetrical centred composition, one full-body figure standing in the middle third of the image: a lean feral hunter in a horned bone mask with twin curved blades, blood-red mist around him, among green rolling hills under a pale gold sky with a rising sun. No text, no letters, no numbers, no border, no frame, no card edges, no watermark, no signature. --ar 2:3 --style raw"
bounty_hunter.png,Bounty Hunter,Agility,"Vintage tarot card illustration in the style of early 1900s Art Nouveau tarot decks, bold black ink outlines, flat muted watercolour colours, aged parchment paper texture, symmetrical centred composition, one full-body figure standing in the middle third of the image: a small goblin bounty hunter in a long scarf holding throwing stars, gold coins scattered at his feet, among green rolling hills under a pale gold sky with a rising sun. No text, no letters, no numbers, no border, no frame, no card edges, no watermark, no signature.","Vintage tarot card illustration in the style of early 1900s Art Nouveau tarot decks, bold black ink outlines, flat muted watercolour colours, aged parchment paper texture, symmetrical centred composition, one full-body figure standing in the middle third of the image: a small goblin bounty hunter in a long scarf holding throwing stars, gold coins scattered at his feet, among green rolling hills under a pale gold sky with a rising sun. No text, no letters, no numbers, no border, no frame, no card edges, no watermark, no signature. --ar 2:3 --style raw"
broodmother.png,Broodmother,Agility,"Vintage tarot card illustration in the style of early 1900s Art Nouveau tarot decks, bold black ink outlines, flat muted watercolour colours, aged parchment paper texture, symmetrical centred composition, one full-body figure standing in the middle third of the image: a giant spider queen with long legs and glowing eyes, web strands stretching behind her, among green rolling hills under a pale gold sky with a rising sun. No text, no letters, no numbers, no border, no frame, no card edges, no watermark, no signature.","Vintage tarot card illustration in the style of early 1900s Art Nouveau tarot decks, bold black ink outlines, flat muted watercolour colours, aged parchment paper texture, symmetrical centred composition, one full-body figure standing in the middle third of the image: a giant spider queen with long legs and glowing eyes, web strands stretching behind her, among green rolling hills under a pale gold sky with a rising sun. No text, no letters, no numbers, no border, no frame, no card edges, no watermark, no signature. --ar 2:3 --style raw"
clinkz.png,Clinkz,Agility,"Vintage tarot card illustration in the style of early 1900s Art Nouveau tarot decks, bold black ink outlines, flat muted watercolour colours, aged parchment paper texture, symmetrical centred composition, one full-body figure standing in the middle third of the image: a burning skeleton archer drawing a flaming bow, embers flying, among green rolling hills under a pale gold sky with a rising sun. No text, no letters, no numbers, no border, no frame, no card edges, no watermark, no signature.","Vintage tarot card illustration in the style of early 1900s Art Nouveau tarot decks, bold black ink outlines, flat muted watercolour colours, aged parchment paper texture, symmetrical centred composition, one full-body figure standing in the middle third of the image: a burning skeleton archer drawing a flaming bow, embers flying, among green rolling hills under a pale gold sky with a rising sun. No text, no letters, no numbers, no border, no frame, no card edges, no watermark, no signature. --ar 2:3 --style raw"
drow_ranger.png,Drow Ranger,Agility,"Vintage tarot card illustration in the style of early 1900s Art Nouveau tarot decks, bold black ink outlines, flat muted watercolour colours, aged parchment paper texture, symmetrical centred composition, one full-body figure standing in the middle third of the image: a pale blue-skinned elf archer woman in a hooded cloak with a frost bow and icy arrows, among green rolling hills under a pale gold sky with a rising sun. No text, no letters, no numbers, no border, no frame, no card edges, no watermark, no signature.","Vintage tarot card illustration in the style of early 1900s Art Nouveau tarot decks, bold black ink outlines, flat muted watercolour colours, aged parchment paper texture, symmetrical centred composition, one full-body figure standing in the middle third of the image: a pale blue-skinned elf archer woman in a hooded cloak with a frost bow and icy arrows, among green rolling hills under a pale gold sky with a rising sun. No text, no letters, no numbers, no border, no frame, no card edges, no watermark, no signature. --ar 2:3 --style raw"
ember_spirit.png,Ember Spirit,Agility,"Vintage tarot card illustration in the style of early 1900s Art Nouveau tarot decks, bold black ink outlines, flat muted watercolour colours, aged parchment paper texture, symmetrical centred composition, one full-body figure standing in the middle third of the image: a fiery martial artist made of flame with burning twin swords, glowing embers floating around him, among green rolling hills under a pale gold sky with a rising sun. No text, no letters, no numbers, no border, no frame, no card edges, no watermark, no signature.","Vintage tarot card illustration in the style of early 1900s Art Nouveau tarot decks, bold black ink outlines, flat muted watercolour colours, aged parchment paper texture, symmetrical centred composition, one full-body figure standing in the middle third of the image: a fiery martial artist made of flame with burning twin swords, glowing embers floating around him, among green rolling hills under a pale gold sky with a rising sun. No text, no letters, no numbers, no border, no frame, no card edges, no watermark, no signature. --ar 2:3 --style raw"
faceless_void.png,Faceless Void,Agility,"Vintage tarot card illustration in the style of early 1900s Art Nouveau tarot decks, bold black ink outlines, flat muted watercolour colours, aged parchment paper texture, symmetrical centred composition, one full-body figure standing in the middle third of the image: a faceless hooded time traveller holding a mace, a clock-like sphere of frozen time around him, among green rolling hills under a pale gold sky with a rising sun. No text, no letters, no numbers, no border, no frame, no card edges, no watermark, no signature.","Vintage tarot card illustration in the style of early 1900s Art Nouveau tarot decks, bold black ink outlines, flat muted watercolour colours, aged parchment paper texture, symmetrical centred composition, one full-body figure standing in the middle third of the image: a faceless hooded time traveller holding a mace, a clock-like sphere of frozen time around him, among green rolling hills under a pale gold sky with a rising sun. No text, no letters, no numbers, no border, no frame, no card edges, no watermark, no signature. --ar 2:3 --style raw"
gyrocopter.png,Gyrocopter,Agility,"Vintage tarot card illustration in the style of early 1900s Art Nouveau tarot decks, bold black ink outlines, flat muted watercolour colours, aged parchment paper texture, symmetrical centred composition, one full-body figure standing in the middle third of the image: a small dwarf pilot in goggles flying a steampunk gyrocopter armed with guns, among green rolling hills under a pale gold sky with a rising sun. No text, no letters, no numbers, no border, no frame, no card edges, no watermark, no signature.","Vintage tarot card illustration in the style of early 1900s Art Nouveau tarot decks, bold black ink outlines, flat muted watercolour colours, aged parchment paper texture, symmetrical centred composition, one full-body figure standing in the middle third of the image: a small dwarf pilot in goggles flying a steampunk gyrocopter armed with guns, among green rolling hills under a pale gold sky with a rising sun. No text, no letters, no numbers, no border, no frame, no card edges, no watermark, no signature. --ar 2:3 --style raw"
hoodwink.png,Hoodwink,Agility,"Vintage tarot card illustration in the style of early 1900s Art Nouveau tarot decks, bold black ink outlines, flat muted watercolour colours, aged parchment paper texture, symmetrical centred composition, one full-body figure standing in the middle third of the image: a small hooded squirrel scout with a crossbow and acorns, peeking out from a tree, among green rolling hills under a pale gold sky with a rising sun. No text, no letters, no numbers, no border, no frame, no card edges, no watermark, no signature.","Vintage tarot card illustration in the style of early 1900s Art Nouveau tarot decks, bold black ink outlines, flat muted watercolour colours, aged parchment paper texture, symmetrical centred composition, one full-body figure standing in the middle third of the image: a small hooded squirrel scout with a crossbow and acorns, peeking out from a tree, among green rolling hills under a pale gold sky with a rising sun. No text, no letters, no numbers, no border, no frame, no card edges, no watermark, no signature. --ar 2:3 --style raw"
juggernaut.png,Juggernaut,Agility,"Vintage tarot card illustration in the style of early 1900s Art Nouveau tarot decks, bold black ink outlines, flat muted watercolour colours, aged parchment paper texture, symmetrical centred composition, one full-body figure standing in the middle third of the image: a masked swordsman in a tall painted wooden tribal mask and a tattered orange cloak, holding a long curved blade, among green rolling hills under a pale gold sky with a rising sun. No text, no letters, no numbers, no border, no frame, no card edges, no watermark, no signature.","Vintage tarot card illustration in the style of early 1900s Art Nouveau tarot decks, bold black ink outlines, flat muted watercolour colours, aged parchment paper texture, symmetrical centred composition, one full-body figure standing in the middle third of the image: a masked swordsman in a tall painted wooden tribal mask and a tattered orange cloak, holding a long curved blade, among green rolling hills under a pale gold sky with a rising sun. No text, no letters, no numbers, no border, no frame, no card edges, no watermark, no signature. --ar 2:3 --style raw"
kez.png,Kez,Agility,"Vintage tarot card illustration in the style of early 1900s Art Nouveau tarot decks, bold black ink outlines, flat muted watercolour colours, aged parchment paper texture, symmetrical centred composition, one full-body figure standing in the middle third of the image: a nimble bird-like warrior with a feathered crest, wielding a katana and a sai, mid-leap, among green rolling hills under a pale gold sky with a rising sun. No text, no letters, no numbers, no border, no frame, no card edges, no watermark, no signature.","Vintage tarot card illustration in the style of early 1900s Art Nouveau tarot decks, bold black ink outlines, flat muted watercolour colours, aged parchment paper texture, symmetrical centred composition, one full-body figure standing in the middle third of the image: a nimble bird-like warrior with a feathered crest, wielding a katana and a sai, mid-leap, among green rolling hills under a pale gold sky with a rising sun. No text, no letters, no numbers, no border, no frame, no card edges, no watermark, no signature. --ar 2:3 --style raw"
luna.png,Luna,Agility,"Vintage tarot card illustration in the style of early 1900s Art Nouveau tarot decks, bold black ink outlines, flat muted watercolour colours, aged parchment paper texture, symmetrical centred composition, one full-body figure standing in the middle third of the image: a moon priestess in silver armour riding a great panther, a crescent glaive in hand, a crescent moon above, among green rolling hills under a pale gold sky with a rising sun. No text, no letters, no numbers, no border, no frame, no card edges, no watermark, no signature.","Vintage tarot card illustration in the style of early 1900s Art Nouveau tarot decks, bold black ink outlines, flat muted watercolour colours, aged parchment paper texture, symmetrical centred composition, one full-body figure standing in the middle third of the image: a moon priestess in silver armour riding a great panther, a crescent glaive in hand, a crescent moon above, among green rolling hills under a pale gold sky with a rising sun. No text, no letters, no numbers, no border, no frame, no card edges, no watermark, no signature. --ar 2:3 --style raw"
medusa.png,Medusa,Agility,"Vintage tarot card illustration in the style of early 1900s Art Nouveau tarot decks, bold black ink outlines, flat muted watercolour colours, aged parchment paper texture, symmetrical centred composition, one full-body figure standing in the middle third of the image: a snake-haired gorgon queen with a serpent tail and a bow, a glowing green shield of magic around her, among green rolling hills under a pale gold sky with a rising sun. No text, no letters, no numbers, no border, no frame, no card edges, no watermark, no signature.","Vintage tarot card illustration in the style of early 1900s Art Nouveau tarot decks, bold black ink outlines, flat muted watercolour colours, aged parchment paper texture, symmetrical centred composition, one full-body figure standing in the middle third of the image: a snake-haired gorgon queen with a serpent tail and a bow, a glowing green shield of magic around her, among green rolling hills under a pale gold sky with a rising sun. No text, no letters, no numbers, no border, no frame, no card edges, no watermark, no signature. --ar 2:3 --style raw"
meepo.png,Meepo,Agility,"Vintage tarot card illustration in the style of early 1900s Art Nouveau tarot decks, bold black ink outlines, flat muted watercolour colours, aged parchment paper texture, symmetrical centred composition, one full-body figure standing in the middle third of the image: a mischievous little earth creature with a shovel and a net, surrounded by identical copies of himself, among green rolling hills under a pale gold sky with a rising sun. No text, no letters, no numbers, no border, no frame, no card edges, no watermark, no signature.","Vintage tarot card illustration in the style of early 1900s Art Nouveau tarot decks, bold black ink outlines, flat muted watercolour colours, aged parchment paper texture, symmetrical centred composition, one full-body figure standing in the middle third of the image: a mischievous little earth creature with a shovel and a net, surrounded by identical copies of himself, among green rolling hills under a pale gold sky with a rising sun. No text, no letters, no numbers, no border, no frame, no card edges, no watermark, no signature. --ar 2:3 --style raw"
monkey_king.png,Monkey King,Agility,"Vintage tarot card illustration in the style of early 1900s Art Nouveau tarot decks, bold black ink outlines, flat muted watercolour colours, aged parchment paper texture, symmetrical centred composition, one full-body figure standing in the middle third of the image: a monkey warrior balancing on top of a long golden staff, clouds swirling below, among green rolling hills under a pale gold sky with a rising sun. No text, no letters, no numbers, no border, no frame, no card edges, no watermark, no signature.","Vintage tarot card illustration in the style of early 1900s Art Nouveau tarot decks, bold black ink outlines, flat muted watercolour colours, aged parchment paper texture, symmetrical centred composition, one full-body figure standing in the middle third of the image: a monkey warrior balancing on top of a long golden staff, clouds swirling below, among green rolling hills under a pale gold sky with a rising sun. No text, no letters, no numbers, no border, no frame, no card edges, no watermark, no signature. --ar 2:3 --style raw"
morphling.png,Morphling,Agility,"Vintage tarot card illustration in the style of early 1900s Art Nouveau tarot decks, bold black ink outlines, flat muted watercolour colours, aged parchment paper texture, symmetrical centred composition, one full-body figure standing in the middle third of the image: a humanoid figure made entirely of flowing water, shifting shape, waves splashing around, among green rolling hills under a pale gold sky with a rising sun. No text, no letters, no numbers, no border, no frame, no card edges, no watermark, no signature.","Vintage tarot card illustration in the style of early 1900s Art Nouveau tarot decks, bold black ink outlines, flat muted watercolour colours, aged parchment paper texture, symmetrical centred composition, one full-body figure standing in the middle third of the image: a humanoid figure made entirely of flowing water, shifting shape, waves splashing around, among green rolling hills under a pale gold sky with a rising sun. No text, no letters, no numbers, no border, no frame, no card edges, no watermark, no signature. --ar 2:3 --style raw"
naga_siren.png,Naga Siren,Agility,"Vintage tarot card illustration in the style of early 1900s Art Nouveau tarot decks, bold black ink outlines, flat muted watercolour colours, aged parchment paper texture, symmetrical centred composition, one full-body figure standing in the middle third of the image: a sea siren with a serpent tail, twin swords and flowing hair, singing, mirror images of herself behind, among green rolling hills under a pale gold sky with a rising sun. No text, no letters, no numbers, no border, no frame, no card edges, no watermark, no signature.","Vintage tarot card illustration in the style of early 1900s Art Nouveau tarot decks, bold black ink outlines, flat muted watercolour colours, aged parchment paper texture, symmetrical centred composition, one full-body figure standing in the middle third of the image: a sea siren with a serpent tail, twin swords and flowing hair, singing, mirror images of herself behind, among green rolling hills under a pale gold sky with a rising sun. No text, no letters, no numbers, no border, no frame, no card edges, no watermark, no signature. --ar 2:3 --style raw"
phantom_assassin.png,Phantom Assassin,Agility,"Vintage tarot card illustration in the style of early 1900s Art Nouveau tarot decks, bold black ink outlines, flat muted watercolour colours, aged parchment paper texture, symmetrical centred composition, one full-body figure standing in the middle third of the image: a veiled assassin woman with a slender blade and a dark mask, shadowy afterimages behind her, among green rolling hills under a pale gold sky with a rising sun. No text, no letters, no numbers, no border, no frame, no card edges, no watermark, no signature.","Vintage tarot card illustration in the style of early 1900s Art Nouveau tarot decks, bold black ink outlines, flat muted watercolour colours, aged parchment paper texture, symmetrical centred composition, one full-body figure standing in the middle third of the image: a veiled assassin woman with a slender blade and a dark mask, shadowy afterimages behind her, among green rolling hills under a pale gold sky with a rising sun. No text, no letters, no numbers, no border, no frame, no card edges, no watermark, no signature. --ar 2:3 --style raw"
phantom_lancer.png,Phantom Lancer,Agility,"Vintage tarot card illustration in the style of early 1900s Art Nouveau tarot decks, bold black ink outlines, flat muted watercolour colours, aged parchment paper texture, symmetrical centred composition, one full-body figure standing in the middle third of the image: a lancer in light armour with a long spear, many mirrored illusions of himself around him, among green rolling hills under a pale gold sky with a rising sun. No text, no letters, no numbers, no border, no frame, no card edges, no watermark, no signature.","Vintage tarot card illustration in the style of early 1900s Art Nouveau tarot decks, bold black ink outlines, flat muted watercolour colours, aged parchment paper texture, symmetrical centred composition, one full-body figure standing in the middle third of the image: a lancer in light armour with a long spear, many mirrored illusions of himself around him, among green rolling hills under a pale gold sky with a rising sun. No text, no letters, no numbers, no border, no frame, no card edges, no watermark, no signature. --ar 2:3 --style raw"
razor.png,Razor,Agility,"Vintage tarot card illustration in the style of early 1900s Art Nouveau tarot decks, bold black ink outlines, flat muted watercolour colours, aged parchment paper texture, symmetrical centred composition, one full-body figure standing in the middle third of the image: a lightning spirit with a crackling whip of electricity, arcs of lightning around him, among green rolling hills under a pale gold sky with a rising sun. No text, no letters, no numbers, no border, no frame, no card edges, no watermark, no signature.","Vintage tarot card illustration in the style of early 1900s Art Nouveau tarot decks, bold black ink outlines, flat muted watercolour colours, aged parchment paper texture, symmetrical centred composition, one full-body figure standing in the middle third of the image: a lightning spirit with a crackling whip of electricity, arcs of lightning around him, among green rolling hills under a pale gold sky with a rising sun. No text, no letters, no numbers, no border, no frame, no card edges, no watermark, no signature. --ar 2:3 --style raw"
riki.png,Riki,Agility,"Vintage tarot card illustration in the style of early 1900s Art Nouveau tarot decks, bold black ink outlines, flat muted watercolour colours, aged parchment paper texture, symmetrical centred composition, one full-body figure standing in the middle third of the image: a small sneaky satyr assassin with daggers, half hidden in purple smoke, among green rolling hills under a pale gold sky with a rising sun. No text, no letters, no numbers, no border, no frame, no card edges, no watermark, no signature.","Vintage tarot card illustration in the style of early 1900s Art Nouveau tarot decks, bold black ink outlines, flat muted watercolour colours, aged parchment paper texture, symmetrical centred composition, one full-body figure standing in the middle third of the image: a small sneaky satyr assassin with daggers, half hidden in purple smoke, among green rolling hills under a pale gold sky with a rising sun. No text, no letters, no numbers, no border, no frame, no card edges, no watermark, no signature. --ar 2:3 --style raw"
nevermore.png,Shadow Fiend,Agility,"Vintage tarot card illustration in the style of early 1900s Art Nouveau tarot decks, bold black ink outlines, flat muted watercolour colours, aged parchment paper texture, symmetrical centred composition, one full-body figure standing in the middle third of the image: a demonic soul reaper with dark skin and long horns, swirling souls around him like raven wings, among green rolling hills under a pale gold sky with a rising sun. No text, no letters, no numbers, no border, no frame, no card edges, no watermark, no signature.","Vintage tarot card illustration in the style of early 1900s Art Nouveau tarot decks, bold black ink outlines, flat muted watercolour colours, aged parchment paper texture, symmetrical centred composition, one full-body figure standing in the middle third of the image: a demonic soul reaper with dark skin and long horns, swirling souls around him like raven wings, among green rolling hills under a pale gold sky with a rising sun. No text, no letters, no numbers, no border, no frame, no card edges, no watermark, no signature. --ar 2:3 --style raw"
slark.png,Slark,Agility,"Vintage tarot card illustration in the style of early 1900s Art Nouveau tarot decks, bold black ink outlines, flat muted watercolour colours, aged parchment paper texture, symmetrical centred composition, one full-body figure standing in the middle third of the image: a slim fish-like assassin with a curved dagger and a glowing amulet, slipping out of the shadows, among green rolling hills under a pale gold sky with a rising sun. No text, no letters, no numbers, no border, no frame, no card edges, no watermark, no signature.","Vintage tarot card illustration in the style of early 1900s Art Nouveau tarot decks, bold black ink outlines, flat muted watercolour colours, aged parchment paper texture, symmetrical centred composition, one full-body figure standing in the middle third of the image: a slim fish-like assassin with a curved dagger and a glowing amulet, slipping out of the shadows, among green rolling hills under a pale gold sky with a rising sun. No text, no letters, no numbers, no border, no frame, no card edges, no watermark, no signature. --ar 2:3 --style raw"
sniper.png,Sniper,Agility,"Vintage tarot card illustration in the style of early 1900s Art Nouveau tarot decks, bold black ink outlines, flat muted watercolour colours, aged parchment paper texture, symmetrical centred composition, one full-body figure standing in the middle third of the image: a dwarf marksman in a helmet aiming a very long rifle from a hillside, among green rolling hills under a pale gold sky with a rising sun. No text, no letters, no numbers, no border, no frame, no card edges, no watermark, no signature.","Vintage tarot card illustration in the style of early 1900s Art Nouveau tarot decks, bold black ink outlines, flat muted watercolour colours, aged parchment paper texture, symmetrical centred composition, one full-body figure standing in the middle third of the image: a dwarf marksman in a helmet aiming a very long rifle from a hillside, among green rolling hills under a pale gold sky with a rising sun. No text, no letters, no numbers, no border, no frame, no card edges, no watermark, no signature. --ar 2:3 --style raw"
spectre.png,Spectre,Agility,"Vintage tarot card illustration in the style of early 1900s Art Nouveau tarot decks, bold black ink outlines, flat muted watercolour colours, aged parchment paper texture, symmetrical centred composition, one full-body figure standing in the middle third of the image: a ghostly purple wraith with a long flowing spectral body and shadow blades, among green rolling hills under a pale gold sky with a rising sun. No text, no letters, no numbers, no border, no frame, no card edges, no watermark, no signature.","Vintage tarot card illustration in the style of early 1900s Art Nouveau tarot decks, bold black ink outlines, flat muted watercolour colours, aged parchment paper texture, symmetrical centred composition, one full-body figure standing in the middle third of the image: a ghostly purple wraith with a long flowing spectral body and shadow blades, among green rolling hills under a pale gold sky with a rising sun. No text, no letters, no numbers, no border, no frame, no card edges, no watermark, no signature. --ar 2:3 --style raw"
templar_assassin.png,Templar Assassin,Agility,"Vintage tarot card illustration in the style of early 1900s Art Nouveau tarot decks, bold black ink outlines, flat muted watercolour colours, aged parchment paper texture, symmetrical centred composition, one full-body figure standing in the middle third of the image: a veiled female assassin with psionic blades, a shimmering refraction shield around her, among green rolling hills under a pale gold sky with a rising sun. No text, no letters, no numbers, no border, no frame, no card edges, no watermark, no signature.","Vintage tarot card illustration in the style of early 1900s Art Nouveau tarot decks, bold black ink outlines, flat muted watercolour colours, aged parchment paper texture, symmetrical centred composition, one full-body figure standing in the middle third of the image: a veiled female assassin with psionic blades, a shimmering refraction shield around her, among green rolling hills under a pale gold sky with a rising sun. No text, no letters, no numbers, no border, no frame, no card edges, no watermark, no signature. --ar 2:3 --style raw"
terrorblade.png,Terrorblade,Agility,"Vintage tarot card illustration in the style of early 1900s Art Nouveau tarot decks, bold black ink outlines, flat muted watercolour colours, aged parchment paper texture, symmetrical centred composition, one full-body figure standing in the middle third of the image: a demon in black armour with great horns and two cleaving blades, mirror shards around him, among green rolling hills under a pale gold sky with a rising sun. No text, no letters, no numbers, no border, no frame, no card edges, no watermark, no signature.","Vintage tarot card illustration in the style of early 1900s Art Nouveau tarot decks, bold black ink outlines, flat muted watercolour colours, aged parchment paper texture, symmetrical centred composition, one full-body figure standing in the middle third of the image: a demon in black armour with great horns and two cleaving blades, mirror shards around him, among green rolling hills under a pale gold sky with a rising sun. No text, no letters, no numbers, no border, no frame, no card edges, no watermark, no signature. --ar 2:3 --style raw"
troll_warlord.png,Troll Warlord,Agility,"Vintage tarot card illustration in the style of early 1900s Art Nouveau tarot decks, bold black ink outlines, flat muted watercolour colours, aged parchment paper texture, symmetrical centred composition, one full-body figure standing in the middle third of the image: a tall blue troll berserker with twin axes and bone ornaments, raging, among green rolling hills under a pale gold sky with a rising sun. No text, no letters, no numbers, no border, no frame, no card edges, no watermark, no signature.","Vintage tarot card illustration in the style of early 1900s Art Nouveau tarot decks, bold black ink outlines, flat muted watercolour colours, aged parchment paper texture, symmetrical centred composition, one full-body figure standing in the middle third of the image: a tall blue troll berserker with twin axes and bone ornaments, raging, among green rolling hills under a pale gold sky with a rising sun. No text, no letters, no numbers, no border, no frame, no card edges, no watermark, no signature. --ar 2:3 --style raw"
ursa.png,Ursa,Agility,"Vintage tarot card illustration in the style of early 1900s Art Nouveau tarot decks, bold black ink outlines, flat muted watercolour colours, aged parchment paper texture, symmetrical centred composition, one full-body figure standing in the middle third of the image: a giant fierce bear warrior with clawed gauntlets and tribal armour, roaring, among green rolling hills under a pale gold sky with a rising sun. No text, no letters, no numbers, no border, no frame, no card edges, no watermark, no signature.","Vintage tarot card illustration in the style of early 1900s Art Nouveau tarot decks, bold black ink outlines, flat muted watercolour colours, aged parchment paper texture, symmetrical centred composition, one full-body figure standing in the middle third of the image: a giant fierce bear warrior with clawed gauntlets and tribal armour, roaring, among green rolling hills under a pale gold sky with a rising sun. No text, no letters, no numbers, no border, no frame, no card edges, no watermark, no signature. --ar 2:3 --style raw"
vengefulspirit.png,Vengeful Spirit,Agility,"Vintage tarot card illustration in the style of early 1900s Art Nouveau tarot decks, bold black ink outlines, flat muted watercolour colours, aged parchment paper texture, symmetrical centred composition, one full-body figure standing in the middle third of the image: a vengeful winged spirit woman glowing blue, a sword raised in her hand, among green rolling hills under a pale gold sky with a rising sun. No text, no letters, no numbers, no border, no frame, no card edges, no watermark, no signature.","Vintage tarot card illustration in the style of early 1900s Art Nouveau tarot decks, bold black ink outlines, flat muted watercolour colours, aged parchment paper texture, symmetrical centred composition, one full-body figure standing in the middle third of the image: a vengeful winged spirit woman glowing blue, a sword raised in her hand, among green rolling hills under a pale gold sky with a rising sun. No text, no letters, no numbers, no border, no frame, no card edges, no watermark, no signature. --ar 2:3 --style raw"
viper.png,Viper,Agility,"Vintage tarot card illustration in the style of early 1900s Art Nouveau tarot decks, bold black ink outlines, flat muted watercolour colours, aged parchment paper texture, symmetrical centred composition, one full-body figure standing in the middle third of the image: a green winged drake with venom dripping from its jaws, wings spread wide, among green rolling hills under a pale gold sky with a rising sun. No text, no letters, no numbers, no border, no frame, no card edges, no watermark, no signature.","Vintage tarot card illustration in the style of early 1900s Art Nouveau tarot decks, bold black ink outlines, flat muted watercolour colours, aged parchment paper texture, symmetrical centred composition, one full-body figure standing in the middle third of the image: a green winged drake with venom dripping from its jaws, wings spread wide, among green rolling hills under a pale gold sky with a rising sun. No text, no letters, no numbers, no border, no frame, no card edges, no watermark, no signature. --ar 2:3 --style raw"
weaver.png,Weaver,Agility,"Vintage tarot card illustration in the style of early 1900s Art Nouveau tarot decks, bold black ink outlines, flat muted watercolour colours, aged parchment paper texture, symmetrical centred composition, one full-body figure standing in the middle third of the image: an insect-like weaver with delicate wings and a long body, threads of time trailing behind it, among green rolling hills under a pale gold sky with a rising sun. No text, no letters, no numbers, no border, no frame, no card edges, no watermark, no signature.","Vintage tarot card illustration in the style of early 1900s Art Nouveau tarot decks, bold black ink outlines, flat muted watercolour colours, aged parchment paper texture, symmetrical centred composition, one full-body figure standing in the middle third of the image: an insect-like weaver with delicate wings and a long body, threads of time trailing behind it, among green rolling hills under a pale gold sky with a rising sun. No text, no letters, no numbers, no border, no frame, no card edges, no watermark, no signature. --ar 2:3 --style raw"
ancient_apparition.png,Ancient Apparition,Intelligence,"Vintage tarot card illustration in the style of early 1900s Art Nouveau tarot decks, bold black ink outlines, flat muted watercolour colours, aged parchment paper texture, symmetrical centred composition, one full-body figure standing in the middle third of the image: a frozen ancient ice spirit with a skeletal form and a crystal staff, a blizzard around it, under a deep blue night sky with a crescent moon and stars. No text, no letters, no numbers, no border, no frame, no card edges, no watermark, no signature.","Vintage tarot card illustration in the style of early 1900s Art Nouveau tarot decks, bold black ink outlines, flat muted watercolour colours, aged parchment paper texture, symmetrical centred composition, one full-body figure standing in the middle third of the image: a frozen ancient ice spirit with a skeletal form and a crystal staff, a blizzard around it, under a deep blue night sky with a crescent moon and stars. No text, no letters, no numbers, no border, no frame, no card edges, no watermark, no signature. --ar 2:3 --style raw"
chen.png,Chen,Intelligence,"Vintage tarot card illustration in the style of early 1900s Art Nouveau tarot decks, bold black ink outlines, flat muted watercolour colours, aged parchment paper texture, symmetrical centred composition, one full-body figure standing in the middle third of the image: a holy knight on a sacred horse holding a staff, followed by the creatures he has converted, under a deep blue night sky with a crescent moon and stars. No text, no letters, no numbers, no border, no frame, no card edges, no watermark, no signature.","Vintage tarot card illustration in the style of early 1900s Art Nouveau tarot decks, bold black ink outlines, flat muted watercolour colours, aged parchment paper texture, symmetrical centred composition, one full-body figure standing in the middle third of the image: a holy knight on a sacred horse holding a staff, followed by the creatures he has converted, under a deep blue night sky with a crescent moon and stars. No text, no letters, no numbers, no border, no frame, no card edges, no watermark, no signature. --ar 2:3 --style raw"
crystal_maiden.png,Crystal Maiden,Intelligence,"Vintage tarot card illustration in the style of early 1900s Art Nouveau tarot decks, bold black ink outlines, flat muted watercolour colours, aged parchment paper texture, symmetrical centred composition, one full-body figure standing in the middle third of the image: a young frost sorceress in a blue fur-trimmed cloak holding a staff, snowflakes and ice crystals around her, under a deep blue night sky with a crescent moon and stars. No text, no letters, no numbers, no border, no frame, no card edges, no watermark, no signature.","Vintage tarot card illustration in the style of early 1900s Art Nouveau tarot decks, bold black ink outlines, flat muted watercolour colours, aged parchment paper texture, symmetrical centred composition, one full-body figure standing in the middle third of the image: a young frost sorceress in a blue fur-trimmed cloak holding a staff, snowflakes and ice crystals around her, under a deep blue night sky with a crescent moon and stars. No text, no letters, no numbers, no border, no frame, no card edges, no watermark, no signature. --ar 2:3 --style raw"
dark_willow.png,Dark Willow,Intelligence,"Vintage tarot card illustration in the style of early 1900s Art Nouveau tarot decks, bold black ink outlines, flat muted watercolour colours, aged parchment paper texture, symmetrical centred composition, one full-body figure standing in the middle third of the image: a mischievous fairy with dark thorny wings holding a lantern, a little wisp companion beside her, under a deep blue night sky with a crescent moon and stars. No text, no letters, no numbers, no border, no frame, no card edges, no watermark, no signature.","Vintage tarot card illustration in the style of early 1900s Art Nouveau tarot decks, bold black ink outlines, flat muted watercolour colours, aged parchment paper texture, symmetrical centred composition, one full-body figure standing in the middle third of the image: a mischievous fairy with dark thorny wings holding a lantern, a little wisp companion beside her, under a deep blue night sky with a crescent moon and stars. No text, no letters, no numbers, no border, no frame, no card edges, no watermark, no signature. --ar 2:3 --style raw"
death_prophet.png,Death Prophet,Intelligence,"Vintage tarot card illustration in the style of early 1900s Art Nouveau tarot decks, bold black ink outlines, flat muted watercolour colours, aged parchment paper texture, symmetrical centred composition, one full-body figure standing in the middle third of the image: a pale banshee prophetess with ghostly spirits swirling around her, under a deep blue night sky with a crescent moon and stars. No text, no letters, no numbers, no border, no frame, no card edges, no watermark, no signature.","Vintage tarot card illustration in the style of early 1900s Art Nouveau tarot decks, bold black ink outlines, flat muted watercolour colours, aged parchment paper texture, symmetrical centred composition, one full-body figure standing in the middle third of the image: a pale banshee prophetess with ghostly spirits swirling around her, under a deep blue night sky with a crescent moon and stars. No text, no letters, no numbers, no border, no frame, no card edges, no watermark, no signature. --ar 2:3 --style raw"
disruptor.png,Disruptor,Intelligence,"Vintage tarot card illustration in the style of early 1900s Art Nouveau tarot decks, bold black ink outlines, flat muted watercolour colours, aged parchment paper texture, symmetrical centred composition, one full-body figure standing in the middle third of the image: a storm caller riding a giant flying beast, lightning in his hands, under a deep blue night sky with a crescent moon and stars. No text, no letters, no numbers, no border, no frame, no card edges, no watermark, no signature.","Vintage tarot card illustration in the style of early 1900s Art Nouveau tarot decks, bold black ink outlines, flat muted watercolour colours, aged parchment paper texture, symmetrical centred composition, one full-body figure standing in the middle third of the image: a storm caller riding a giant flying beast, lightning in his hands, under a deep blue night sky with a crescent moon and stars. No text, no letters, no numbers, no border, no frame, no card edges, no watermark, no signature. --ar 2:3 --style raw"
enchantress.png,Enchantress,Intelligence,"Vintage tarot card illustration in the style of early 1900s Art Nouveau tarot decks, bold black ink outlines, flat muted watercolour colours, aged parchment paper texture, symmetrical centred composition, one full-body figure standing in the middle third of the image: a deer-like forest dryad girl with antlers and a spear, flowers and small animals around her, under a deep blue night sky with a crescent moon and stars. No text, no letters, no numbers, no border, no frame, no card edges, no watermark, no signature.","Vintage tarot card illustration in the style of early 1900s Art Nouveau tarot decks, bold black ink outlines, flat muted watercolour colours, aged parchment paper texture, symmetrical centred composition, one full-body figure standing in the middle third of the image: a deer-like forest dryad girl with antlers and a spear, flowers and small animals around her, under a deep blue night sky with a crescent moon and stars. No text, no letters, no numbers, no border, no frame, no card edges, no watermark, no signature. --ar 2:3 --style raw"
grimstroke.png,Grimstroke,Intelligence,"Vintage tarot card illustration in the style of early 1900s Art Nouveau tarot decks, bold black ink outlines, flat muted watercolour colours, aged parchment paper texture, symmetrical centred composition, one full-body figure standing in the middle third of the image: a dark ink painter with long sleeves and a giant ink brush, ink spirits rising around him, under a deep blue night sky with a crescent moon and stars. No text, no letters, no numbers, no border, no frame, no card edges, no watermark, no signature.","Vintage tarot card illustration in the style of early 1900s Art Nouveau tarot decks, bold black ink outlines, flat muted watercolour colours, aged parchment paper texture, symmetrical centred composition, one full-body figure standing in the middle third of the image: a dark ink painter with long sleeves and a giant ink brush, ink spirits rising around him, under a deep blue night sky with a crescent moon and stars. No text, no letters, no numbers, no border, no frame, no card edges, no watermark, no signature. --ar 2:3 --style raw"
invoker.png,Invoker,Intelligence,"Vintage tarot card illustration in the style of early 1900s Art Nouveau tarot decks, bold black ink outlines, flat muted watercolour colours, aged parchment paper texture, symmetrical centred composition, one full-body figure standing in the middle third of the image: an elegant arcane sorcerer in a high-collared golden robe, three elemental orbs of fire, ice and lightning circling his head, under a deep blue night sky with a crescent moon and stars. No text, no letters, no numbers, no border, no frame, no card edges, no watermark, no signature.","Vintage tarot card illustration in the style of early 1900s Art Nouveau tarot decks, bold black ink outlines, flat muted watercolour colours, aged parchment paper texture, symmetrical centred composition, one full-body figure standing in the middle third of the image: an elegant arcane sorcerer in a high-collared golden robe, three elemental orbs of fire, ice and lightning circling his head, under a deep blue night sky with a crescent moon and stars. No text, no letters, no numbers, no border, no frame, no card edges, no watermark, no signature. --ar 2:3 --style raw"
jakiro.png,Jakiro,Intelligence,"Vintage tarot card illustration in the style of early 1900s Art Nouveau tarot decks, bold black ink outlines, flat muted watercolour colours, aged parchment paper texture, symmetrical centred composition, one full-body figure standing in the middle third of the image: a twin-headed dragon, one head breathing fire and the other breathing ice, under a deep blue night sky with a crescent moon and stars. No text, no letters, no numbers, no border, no frame, no card edges, no watermark, no signature.","Vintage tarot card illustration in the style of early 1900s Art Nouveau tarot decks, bold black ink outlines, flat muted watercolour colours, aged parchment paper texture, symmetrical centred composition, one full-body figure standing in the middle third of the image: a twin-headed dragon, one head breathing fire and the other breathing ice, under a deep blue night sky with a crescent moon and stars. No text, no letters, no numbers, no border, no frame, no card edges, no watermark, no signature. --ar 2:3 --style raw"
keeper_of_the_light.png,Keeper of the Light,Intelligence,"Vintage tarot card illustration in the style of early 1900s Art Nouveau tarot decks, bold black ink outlines, flat muted watercolour colours, aged parchment paper texture, symmetrical centred composition, one full-body figure standing in the middle third of the image: an old bearded wizard on a white horse holding a lantern of pure light, under a deep blue night sky with a crescent moon and stars. No text, no letters, no numbers, no border, no frame, no card edges, no watermark, no signature.","Vintage tarot card illustration in the style of early 1900s Art Nouveau tarot decks, bold black ink outlines, flat muted watercolour colours, aged parchment paper texture, symmetrical centred composition, one full-body figure standing in the middle third of the image: an old bearded wizard on a white horse holding a lantern of pure light, under a deep blue night sky with a crescent moon and stars. No text, no letters, no numbers, no border, no frame, no card edges, no watermark, no signature. --ar 2:3 --style raw"
leshrac.png,Leshrac,Intelligence,"Vintage tarot card illustration in the style of early 1900s Art Nouveau tarot decks, bold black ink outlines, flat muted watercolour colours, aged parchment paper texture, symmetrical centred composition, one full-body figure standing in the middle third of the image: a tormented chaos spirit with a horned beast body, arcane lightning and pillars of light around him, under a deep blue night sky with a crescent moon and stars. No text, no letters, no numbers, no border, no frame, no card edges, no watermark, no signature.","Vintage tarot card illustration in the style of early 1900s Art Nouveau tarot decks, bold black ink outlines, flat muted watercolour colours, aged parchment paper texture, symmetrical centred composition, one full-body figure standing in the middle third of the image: a tormented chaos spirit with a horned beast body, arcane lightning and pillars of light around him, under a deep blue night sky with a crescent moon and stars. No text, no letters, no numbers, no border, no frame, no card edges, no watermark, no signature. --ar 2:3 --style raw"
lich.png,Lich,Intelligence,"Vintage tarot card illustration in the style of early 1900s Art Nouveau tarot decks, bold black ink outlines, flat muted watercolour colours, aged parchment paper texture, symmetrical centred composition, one full-body figure standing in the middle third of the image: a skeletal frost sorcerer with a frozen staff and an orb of ice floating above his hand, under a deep blue night sky with a crescent moon and stars. No text, no letters, no numbers, no border, no frame, no card edges, no watermark, no signature.","Vintage tarot card illustration in the style of early 1900s Art Nouveau tarot decks, bold black ink outlines, flat muted watercolour colours, aged parchment paper texture, symmetrical centred composition, one full-body figure standing in the middle third of the image: a skeletal frost sorcerer with a frozen staff and an orb of ice floating above his hand, under a deep blue night sky with a crescent moon and stars. No text, no letters, no numbers, no border, no frame, no card edges, no watermark, no signature. --ar 2:3 --style raw"
lina.png,Lina,Intelligence,"Vintage tarot card illustration in the style of early 1900s Art Nouveau tarot decks, bold black ink outlines, flat muted watercolour colours, aged parchment paper texture, symmetrical centred composition, one full-body figure standing in the middle third of the image: a fiery sorceress with long red hair and flame-wreathed hands, fire swirling around her, under a deep blue night sky with a crescent moon and stars. No text, no letters, no numbers, no border, no frame, no card edges, no watermark, no signature.","Vintage tarot card illustration in the style of early 1900s Art Nouveau tarot decks, bold black ink outlines, flat muted watercolour colours, aged parchment paper texture, symmetrical centred composition, one full-body figure standing in the middle third of the image: a fiery sorceress with long red hair and flame-wreathed hands, fire swirling around her, under a deep blue night sky with a crescent moon and stars. No text, no letters, no numbers, no border, no frame, no card edges, no watermark, no signature. --ar 2:3 --style raw"
lion.png,Lion,Intelligence,"Vintage tarot card illustration in the style of early 1900s Art Nouveau tarot decks, bold black ink outlines, flat muted watercolour colours, aged parchment paper texture, symmetrical centred composition, one full-body figure standing in the middle third of the image: a goat-faced demonic warlock raising a clawed hand, hellish portals behind him, under a deep blue night sky with a crescent moon and stars. No text, no letters, no numbers, no border, no frame, no card edges, no watermark, no signature.","Vintage tarot card illustration in the style of early 1900s Art Nouveau tarot decks, bold black ink outlines, flat muted watercolour colours, aged parchment paper texture, symmetrical centred composition, one full-body figure standing in the middle third of the image: a goat-faced demonic warlock raising a clawed hand, hellish portals behind him, under a deep blue night sky with a crescent moon and stars. No text, no letters, no numbers, no border, no frame, no card edges, no watermark, no signature. --ar 2:3 --style raw"
muerta.png,Muerta,Intelligence,"Vintage tarot card illustration in the style of early 1900s Art Nouveau tarot decks, bold black ink outlines, flat muted watercolour colours, aged parchment paper texture, symmetrical centred composition, one full-body figure standing in the middle third of the image: a skeletal gunslinger woman in a wide-brimmed hat and long coat with two revolvers, marigold flowers around her, under a deep blue night sky with a crescent moon and stars. No text, no letters, no numbers, no border, no frame, no card edges, no watermark, no signature.","Vintage tarot card illustration in the style of early 1900s Art Nouveau tarot decks, bold black ink outlines, flat muted watercolour colours, aged parchment paper texture, symmetrical centred composition, one full-body figure standing in the middle third of the image: a skeletal gunslinger woman in a wide-brimmed hat and long coat with two revolvers, marigold flowers around her, under a deep blue night sky with a crescent moon and stars. No text, no letters, no numbers, no border, no frame, no card edges, no watermark, no signature. --ar 2:3 --style raw"
furion.png,Nature's Prophet,Intelligence,"Vintage tarot card illustration in the style of early 1900s Art Nouveau tarot decks, bold black ink outlines, flat muted watercolour colours, aged parchment paper texture, symmetrical centred composition, one full-body figure standing in the middle third of the image: a horned druid prophet with a staff, trees growing around him and walking tree spirits in the distance, under a deep blue night sky with a crescent moon and stars. No text, no letters, no numbers, no border, no frame, no card edges, no watermark, no signature.","Vintage tarot card illustration in the style of early 1900s Art Nouveau tarot decks, bold black ink outlines, flat muted watercolour colours, aged parchment paper texture, symmetrical centred composition, one full-body figure standing in the middle third of the image: a horned druid prophet with a staff, trees growing around him and walking tree spirits in the distance, under a deep blue night sky with a crescent moon and stars. No text, no letters, no numbers, no border, no frame, no card edges, no watermark, no signature. --ar 2:3 --style raw"
necrolyte.png,Necrophos,Intelligence,"Vintage tarot card illustration in the style of early 1900s Art Nouveau tarot decks, bold black ink outlines, flat muted watercolour colours, aged parchment paper texture, symmetrical centred composition, one full-body figure standing in the middle third of the image: a plague mage in black and green robes holding a scythe, pestilent mist swirling, under a deep blue night sky with a crescent moon and stars. No text, no letters, no numbers, no border, no frame, no card edges, no watermark, no signature.","Vintage tarot card illustration in the style of early 1900s Art Nouveau tarot decks, bold black ink outlines, flat muted watercolour colours, aged parchment paper texture, symmetrical centred composition, one full-body figure standing in the middle third of the image: a plague mage in black and green robes holding a scythe, pestilent mist swirling, under a deep blue night sky with a crescent moon and stars. No text, no letters, no numbers, no border, no frame, no card edges, no watermark, no signature. --ar 2:3 --style raw"
oracle.png,Oracle,Intelligence,"Vintage tarot card illustration in the style of early 1900s Art Nouveau tarot decks, bold black ink outlines, flat muted watercolour colours, aged parchment paper texture, symmetrical centred composition, one full-body figure standing in the middle third of the image: a mysterious seer in flowing robes with a large cracked mask, holding an orb of fate, under a deep blue night sky with a crescent moon and stars. No text, no letters, no numbers, no border, no frame, no card edges, no watermark, no signature.","Vintage tarot card illustration in the style of early 1900s Art Nouveau tarot decks, bold black ink outlines, flat muted watercolour colours, aged parchment paper texture, symmetrical centred composition, one full-body figure standing in the middle third of the image: a mysterious seer in flowing robes with a large cracked mask, holding an orb of fate, under a deep blue night sky with a crescent moon and stars. No text, no letters, no numbers, no border, no frame, no card edges, no watermark, no signature. --ar 2:3 --style raw"
obsidian_destroyer.png,Outworld Destroyer,Intelligence,"Vintage tarot card illustration in the style of early 1900s Art Nouveau tarot decks, bold black ink outlines, flat muted watercolour colours, aged parchment paper texture, symmetrical centred composition, one full-body figure standing in the middle third of the image: a winged black and gold obsidian being with a celestial staff, astral energy around him, under a deep blue night sky with a crescent moon and stars. No text, no letters, no numbers, no border, no frame, no card edges, no watermark, no signature.","Vintage tarot card illustration in the style of early 1900s Art Nouveau tarot decks, bold black ink outlines, flat muted watercolour colours, aged parchment paper texture, symmetrical centred composition, one full-body figure standing in the middle third of the image: a winged black and gold obsidian being with a celestial staff, astral energy around him, under a deep blue night sky with a crescent moon and stars. No text, no letters, no numbers, no border, no frame, no card edges, no watermark, no signature. --ar 2:3 --style raw"
puck.png,Puck,Intelligence,"Vintage tarot card illustration in the style of early 1900s Art Nouveau tarot decks, bold black ink outlines, flat muted watercolour colours, aged parchment paper texture, symmetrical centred composition, one full-body figure standing in the middle third of the image: a playful faerie dragon with butterfly wings and a mischievous grin, glittering sparks around it, under a deep blue night sky with a crescent moon and stars. No text, no letters, no numbers, no border, no frame, no card edges, no watermark, no signature.","Vintage tarot card illustration in the style of early 1900s Art Nouveau tarot decks, bold black ink outlines, flat muted watercolour colours, aged parchment paper texture, symmetrical centred composition, one full-body figure standing in the middle third of the image: a playful faerie dragon with butterfly wings and a mischievous grin, glittering sparks around it, under a deep blue night sky with a crescent moon and stars. No text, no letters, no numbers, no border, no frame, no card edges, no watermark, no signature. --ar 2:3 --style raw"
pugna.png,Pugna,Intelligence,"Vintage tarot card illustration in the style of early 1900s Art Nouveau tarot decks, bold black ink outlines, flat muted watercolour colours, aged parchment paper texture, symmetrical centred composition, one full-body figure standing in the middle third of the image: a small skeletal sorcerer beside a tall glowing ward totem, green nether energy around him, under a deep blue night sky with a crescent moon and stars. No text, no letters, no numbers, no border, no frame, no card edges, no watermark, no signature.","Vintage tarot card illustration in the style of early 1900s Art Nouveau tarot decks, bold black ink outlines, flat muted watercolour colours, aged parchment paper texture, symmetrical centred composition, one full-body figure standing in the middle third of the image: a small skeletal sorcerer beside a tall glowing ward totem, green nether energy around him, under a deep blue night sky with a crescent moon and stars. No text, no letters, no numbers, no border, no frame, no card edges, no watermark, no signature. --ar 2:3 --style raw"
queenofpain.png,Queen of Pain,Intelligence,"Vintage tarot card illustration in the style of early 1900s Art Nouveau tarot decks, bold black ink outlines, flat muted watercolour colours, aged parchment paper texture, symmetrical centred composition, one full-body figure standing in the middle third of the image: a demon queen with purple wings holding a dagger, a cruel smile, under a deep blue night sky with a crescent moon and stars. No text, no letters, no numbers, no border, no frame, no card edges, no watermark, no signature.","Vintage tarot card illustration in the style of early 1900s Art Nouveau tarot decks, bold black ink outlines, flat muted watercolour colours, aged parchment paper texture, symmetrical centred composition, one full-body figure standing in the middle third of the image: a demon queen with purple wings holding a dagger, a cruel smile, under a deep blue night sky with a crescent moon and stars. No text, no letters, no numbers, no border, no frame, no card edges, no watermark, no signature. --ar 2:3 --style raw"
ringmaster.png,Ringmaster,Intelligence,"Vintage tarot card illustration in the style of early 1900s Art Nouveau tarot decks, bold black ink outlines, flat muted watercolour colours, aged parchment paper texture, symmetrical centred composition, one full-body figure standing in the middle third of the image: a sinister circus ringmaster in a top hat and tailcoat with a cane, circus tents behind him, under a deep blue night sky with a crescent moon and stars. No text, no letters, no numbers, no border, no frame, no card edges, no watermark, no signature.","Vintage tarot card illustration in the style of early 1900s Art Nouveau tarot decks, bold black ink outlines, flat muted watercolour colours, aged parchment paper texture, symmetrical centred composition, one full-body figure standing in the middle third of the image: a sinister circus ringmaster in a top hat and tailcoat with a cane, circus tents behind him, under a deep blue night sky with a crescent moon and stars. No text, no letters, no numbers, no border, no frame, no card edges, no watermark, no signature. --ar 2:3 --style raw"
rubick.png,Rubick,Intelligence,"Vintage tarot card illustration in the style of early 1900s Art Nouveau tarot decks, bold black ink outlines, flat muted watercolour colours, aged parchment paper texture, symmetrical centred composition, one full-body figure standing in the middle third of the image: a masked grand magus in green robes with a long staff, a stolen spell glowing in his hand, under a deep blue night sky with a crescent moon and stars. No text, no letters, no numbers, no border, no frame, no card edges, no watermark, no signature.","Vintage tarot card illustration in the style of early 1900s Art Nouveau tarot decks, bold black ink outlines, flat muted watercolour colours, aged parchment paper texture, symmetrical centred composition, one full-body figure standing in the middle third of the image: a masked grand magus in green robes with a long staff, a stolen spell glowing in his hand, under a deep blue night sky with a crescent moon and stars. No text, no letters, no numbers, no border, no frame, no card edges, no watermark, no signature. --ar 2:3 --style raw"
shadow_demon.png,Shadow Demon,Intelligence,"Vintage tarot card illustration in the style of early 1900s Art Nouveau tarot decks, bold black ink outlines, flat muted watercolour colours, aged parchment paper texture, symmetrical centred composition, one full-body figure standing in the middle third of the image: a slim shadow demon with horns and glowing purple eyes, shadowy tendrils around it, under a deep blue night sky with a crescent moon and stars. No text, no letters, no numbers, no border, no frame, no card edges, no watermark, no signature.","Vintage tarot card illustration in the style of early 1900s Art Nouveau tarot decks, bold black ink outlines, flat muted watercolour colours, aged parchment paper texture, symmetrical centred composition, one full-body figure standing in the middle third of the image: a slim shadow demon with horns and glowing purple eyes, shadowy tendrils around it, under a deep blue night sky with a crescent moon and stars. No text, no letters, no numbers, no border, no frame, no card edges, no watermark, no signature. --ar 2:3 --style raw"
shadow_shaman.png,Shadow Shaman,Intelligence,"Vintage tarot card illustration in the style of early 1900s Art Nouveau tarot decks, bold black ink outlines, flat muted watercolour colours, aged parchment paper texture, symmetrical centred composition, one full-body figure standing in the middle third of the image: a small hooded shaman with a staff, snake wards rising around him in sinister smoke, under a deep blue night sky with a crescent moon and stars. No text, no letters, no numbers, no border, no frame, no card edges, no watermark, no signature.","Vintage tarot card illustration in the style of early 1900s Art Nouveau tarot decks, bold black ink outlines, flat muted watercolour colours, aged parchment paper texture, symmetrical centred composition, one full-body figure standing in the middle third of the image: a small hooded shaman with a staff, snake wards rising around him in sinister smoke, under a deep blue night sky with a crescent moon and stars. No text, no letters, no numbers, no border, no frame, no card edges, no watermark, no signature. --ar 2:3 --style raw"
silencer.png,Silencer,Intelligence,"Vintage tarot card illustration in the style of early 1900s Art Nouveau tarot decks, bold black ink outlines, flat muted watercolour colours, aged parchment paper texture, symmetrical centred composition, one full-body figure standing in the middle third of the image: a stern scholar warrior with a glaive and an open book, symbols of silence circling him, under a deep blue night sky with a crescent moon and stars. No text, no letters, no numbers, no border, no frame, no card edges, no watermark, no signature.","Vintage tarot card illustration in the style of early 1900s Art Nouveau tarot decks, bold black ink outlines, flat muted watercolour colours, aged parchment paper texture, symmetrical centred composition, one full-body figure standing in the middle third of the image: a stern scholar warrior with a glaive and an open book, symbols of silence circling him, under a deep blue night sky with a crescent moon and stars. No text, no letters, no numbers, no border, no frame, no card edges, no watermark, no signature. --ar 2:3 --style raw"
skywrath_mage.png,Skywrath Mage,Intelligence,"Vintage tarot card illustration in the style of early 1900s Art Nouveau tarot decks, bold black ink outlines, flat muted watercolour colours, aged parchment paper texture, symmetrical centred composition, one full-body figure standing in the middle third of the image: a winged bird-like sky mage with a staff, arcane bolts in the sky, under a deep blue night sky with a crescent moon and stars. No text, no letters, no numbers, no border, no frame, no card edges, no watermark, no signature.","Vintage tarot card illustration in the style of early 1900s Art Nouveau tarot decks, bold black ink outlines, flat muted watercolour colours, aged parchment paper texture, symmetrical centred composition, one full-body figure standing in the middle third of the image: a winged bird-like sky mage with a staff, arcane bolts in the sky, under a deep blue night sky with a crescent moon and stars. No text, no letters, no numbers, no border, no frame, no card edges, no watermark, no signature. --ar 2:3 --style raw"
storm_spirit.png,Storm Spirit,Intelligence,"Vintage tarot card illustration in the style of early 1900s Art Nouveau tarot decks, bold black ink outlines, flat muted watercolour colours, aged parchment paper texture, symmetrical centred composition, one full-body figure standing in the middle third of the image: a jolly storm elemental with a stormy beard floating in the air, lightning crackling around him, under a deep blue night sky with a crescent moon and stars. No text, no letters, no numbers, no border, no frame, no card edges, no watermark, no signature.","Vintage tarot card illustration in the style of early 1900s Art Nouveau tarot decks, bold black ink outlines, flat muted watercolour colours, aged parchment paper texture, symmetrical centred composition, one full-body figure standing in the middle third of the image: a jolly storm elemental with a stormy beard floating in the air, lightning crackling around him, under a deep blue night sky with a crescent moon and stars. No text, no letters, no numbers, no border, no frame, no card edges, no watermark, no signature. --ar 2:3 --style raw"
tinker.png,Tinker,Intelligence,"Vintage tarot card illustration in the style of early 1900s Art Nouveau tarot decks, bold black ink outlines, flat muted watercolour colours, aged parchment paper texture, symmetrical centred composition, one full-body figure standing in the middle third of the image: a small gnome inventor in a mechanical suit with a laser, gears and rockets around him, under a deep blue night sky with a crescent moon and stars. No text, no letters, no numbers, no border, no frame, no card edges, no watermark, no signature.","Vintage tarot card illustration in the style of early 1900s Art Nouveau tarot decks, bold black ink outlines, flat muted watercolour colours, aged parchment paper texture, symmetrical centred composition, one full-body figure standing in the middle third of the image: a small gnome inventor in a mechanical suit with a laser, gears and rockets around him, under a deep blue night sky with a crescent moon and stars. No text, no letters, no numbers, no border, no frame, no card edges, no watermark, no signature. --ar 2:3 --style raw"
warlock.png,Warlock,Intelligence,"Vintage tarot card illustration in the style of early 1900s Art Nouveau tarot decks, bold black ink outlines, flat muted watercolour colours, aged parchment paper texture, symmetrical centred composition, one full-body figure standing in the middle third of the image: a robed warlock with a long beard and a staff, a fiery golem rising behind him, under a deep blue night sky with a crescent moon and stars. No text, no letters, no numbers, no border, no frame, no card edges, no watermark, no signature.","Vintage tarot card illustration in the style of early 1900s Art Nouveau tarot decks, bold black ink outlines, flat muted watercolour colours, aged parchment paper texture, symmetrical centred composition, one full-body figure standing in the middle third of the image: a robed warlock with a long beard and a staff, a fiery golem rising behind him, under a deep blue night sky with a crescent moon and stars. No text, no letters, no numbers, no border, no frame, no card edges, no watermark, no signature. --ar 2:3 --style raw"
witch_doctor.png,Witch Doctor,Intelligence,"Vintage tarot card illustration in the style of early 1900s Art Nouveau tarot decks, bold black ink outlines, flat muted watercolour colours, aged parchment paper texture, symmetrical centred composition, one full-body figure standing in the middle third of the image: a lanky voodoo witch doctor in a mask holding a skull staff and a glowing herb, under a deep blue night sky with a crescent moon and stars. No text, no letters, no numbers, no border, no frame, no card edges, no watermark, no signature.","Vintage tarot card illustration in the style of early 1900s Art Nouveau tarot decks, bold black ink outlines, flat muted watercolour colours, aged parchment paper texture, symmetrical centred composition, one full-body figure standing in the middle third of the image: a lanky voodoo witch doctor in a mask holding a skull staff and a glowing herb, under a deep blue night sky with a crescent moon and stars. No text, no letters, no numbers, no border, no frame, no card edges, no watermark, no signature. --ar 2:3 --style raw"
zuus.png,Zeus,Intelligence,"Vintage tarot card illustration in the style of early 1900s Art Nouveau tarot decks, bold black ink outlines, flat muted watercolour colours, aged parchment paper texture, symmetrical centred composition, one full-body figure standing in the middle third of the image: an old lord of thunder with a white beard holding a lightning bolt, clouds swirling around him, under a deep blue night sky with a crescent moon and stars. No text, no letters, no numbers, no border, no frame, no card edges, no watermark, no signature.","Vintage tarot card illustration in the style of early 1900s Art Nouveau tarot decks, bold black ink outlines, flat muted watercolour colours, aged parchment paper texture, symmetrical centred composition, one full-body figure standing in the middle third of the image: an old lord of thunder with a white beard holding a lightning bolt, clouds swirling around him, under a deep blue night sky with a crescent moon and stars. No text, no letters, no numbers, no border, no frame, no card edges, no watermark, no signature. --ar 2:3 --style raw"
bane.png,Bane,Universal,"Vintage tarot card illustration in the style of early 1900s Art Nouveau tarot decks, bold black ink outlines, flat muted watercolour colours, aged parchment paper texture, symmetrical centred composition, one full-body figure standing in the middle third of the image: a nightmare spirit made of dark smoke with four horns and glowing eyes, nightmares swirling around it, under a violet twilight sky with stars and distant ruins. No text, no letters, no numbers, no border, no frame, no card edges, no watermark, no signature.","Vintage tarot card illustration in the style of early 1900s Art Nouveau tarot decks, bold black ink outlines, flat muted watercolour colours, aged parchment paper texture, symmetrical centred composition, one full-body figure standing in the middle third of the image: a nightmare spirit made of dark smoke with four horns and glowing eyes, nightmares swirling around it, under a violet twilight sky with stars and distant ruins. No text, no letters, no numbers, no border, no frame, no card edges, no watermark, no signature. --ar 2:3 --style raw"
batrider.png,Batrider,Universal,"Vintage tarot card illustration in the style of early 1900s Art Nouveau tarot decks, bold black ink outlines, flat muted watercolour colours, aged parchment paper texture, symmetrical centred composition, one full-body figure standing in the middle third of the image: a wild rider on a giant bat throwing sticky fire, flames trailing behind, under a violet twilight sky with stars and distant ruins. No text, no letters, no numbers, no border, no frame, no card edges, no watermark, no signature.","Vintage tarot card illustration in the style of early 1900s Art Nouveau tarot decks, bold black ink outlines, flat muted watercolour colours, aged parchment paper texture, symmetrical centred composition, one full-body figure standing in the middle third of the image: a wild rider on a giant bat throwing sticky fire, flames trailing behind, under a violet twilight sky with stars and distant ruins. No text, no letters, no numbers, no border, no frame, no card edges, no watermark, no signature. --ar 2:3 --style raw"
beastmaster.png,Beastmaster,Universal,"Vintage tarot card illustration in the style of early 1900s Art Nouveau tarot decks, bold black ink outlines, flat muted watercolour colours, aged parchment paper texture, symmetrical centred composition, one full-body figure standing in the middle third of the image: a burly beastmaster with two axes, a boar and a hawk at his side, under a violet twilight sky with stars and distant ruins. No text, no letters, no numbers, no border, no frame, no card edges, no watermark, no signature.","Vintage tarot card illustration in the style of early 1900s Art Nouveau tarot decks, bold black ink outlines, flat muted watercolour colours, aged parchment paper texture, symmetrical centred composition, one full-body figure standing in the middle third of the image: a burly beastmaster with two axes, a boar and a hawk at his side, under a violet twilight sky with stars and distant ruins. No text, no letters, no numbers, no border, no frame, no card edges, no watermark, no signature. --ar 2:3 --style raw"
brewmaster.png,Brewmaster,Universal,"Vintage tarot card illustration in the style of early 1900s Art Nouveau tarot decks, bold black ink outlines, flat muted watercolour colours, aged parchment paper texture, symmetrical centred composition, one full-body figure standing in the middle third of the image: a panda brewmaster with a big drinking keg and a staff, three small elemental spirits beside him, under a violet twilight sky with stars and distant ruins. No text, no letters, no numbers, no border, no frame, no card edges, no watermark, no signature.","Vintage tarot card illustration in the style of early 1900s Art Nouveau tarot decks, bold black ink outlines, flat muted watercolour colours, aged parchment paper texture, symmetrical centred composition, one full-body figure standing in the middle third of the image: a panda brewmaster with a big drinking keg and a staff, three small elemental spirits beside him, under a violet twilight sky with stars and distant ruins. No text, no letters, no numbers, no border, no frame, no card edges, no watermark, no signature. --ar 2:3 --style raw"
rattletrap.png,Clockwerk,Universal,"Vintage tarot card illustration in the style of early 1900s Art Nouveau tarot decks, bold black ink outlines, flat muted watercolour colours, aged parchment paper texture, symmetrical centred composition, one full-body figure standing in the middle third of the image: a small goblin in steam-powered battle armour with a grappling hook launcher, under a violet twilight sky with stars and distant ruins. No text, no letters, no numbers, no border, no frame, no card edges, no watermark, no signature.","Vintage tarot card illustration in the style of early 1900s Art Nouveau tarot decks, bold black ink outlines, flat muted watercolour colours, aged parchment paper texture, symmetrical centred composition, one full-body figure standing in the middle third of the image: a small goblin in steam-powered battle armour with a grappling hook launcher, under a violet twilight sky with stars and distant ruins. No text, no letters, no numbers, no border, no frame, no card edges, no watermark, no signature. --ar 2:3 --style raw"
dark_seer.png,Dark Seer,Universal,"Vintage tarot card illustration in the style of early 1900s Art Nouveau tarot decks, bold black ink outlines, flat muted watercolour colours, aged parchment paper texture, symmetrical centred composition, one full-body figure standing in the middle third of the image: a blue-skinned seer in elegant robes holding a swirling vortex of energy, under a violet twilight sky with stars and distant ruins. No text, no letters, no numbers, no border, no frame, no card edges, no watermark, no signature.","Vintage tarot card illustration in the style of early 1900s Art Nouveau tarot decks, bold black ink outlines, flat muted watercolour colours, aged parchment paper texture, symmetrical centred composition, one full-body figure standing in the middle third of the image: a blue-skinned seer in elegant robes holding a swirling vortex of energy, under a violet twilight sky with stars and distant ruins. No text, no letters, no numbers, no border, no frame, no card edges, no watermark, no signature. --ar 2:3 --style raw"
dazzle.png,Dazzle,Universal,"Vintage tarot card illustration in the style of early 1900s Art Nouveau tarot decks, bold black ink outlines, flat muted watercolour colours, aged parchment paper texture, symmetrical centred composition, one full-body figure standing in the middle third of the image: a lithe troll shadow priest with a staff and a skull mask, colourful glowing patterns around him, under a violet twilight sky with stars and distant ruins. No text, no letters, no numbers, no border, no frame, no card edges, no watermark, no signature.","Vintage tarot card illustration in the style of early 1900s Art Nouveau tarot decks, bold black ink outlines, flat muted watercolour colours, aged parchment paper texture, symmetrical centred composition, one full-body figure standing in the middle third of the image: a lithe troll shadow priest with a staff and a skull mask, colourful glowing patterns around him, under a violet twilight sky with stars and distant ruins. No text, no letters, no numbers, no border, no frame, no card edges, no watermark, no signature. --ar 2:3 --style raw"
enigma.png,Enigma,Universal,"Vintage tarot card illustration in the style of early 1900s Art Nouveau tarot decks, bold black ink outlines, flat muted watercolour colours, aged parchment paper texture, symmetrical centred composition, one full-body figure standing in the middle third of the image: a cosmic void being whose body is made of stars and space, a black hole forming behind it, under a violet twilight sky with stars and distant ruins. No text, no letters, no numbers, no border, no frame, no card edges, no watermark, no signature.","Vintage tarot card illustration in the style of early 1900s Art Nouveau tarot decks, bold black ink outlines, flat muted watercolour colours, aged parchment paper texture, symmetrical centred composition, one full-body figure standing in the middle third of the image: a cosmic void being whose body is made of stars and space, a black hole forming behind it, under a violet twilight sky with stars and distant ruins. No text, no letters, no numbers, no border, no frame, no card edges, no watermark, no signature. --ar 2:3 --style raw"
wisp.png,Io,Universal,"Vintage tarot card illustration in the style of early 1900s Art Nouveau tarot decks, bold black ink outlines, flat muted watercolour colours, aged parchment paper texture, symmetrical centred composition, one full-body figure standing in the middle third of the image: a glowing orb of pure light with tethers of energy, floating in the air, under a violet twilight sky with stars and distant ruins. No text, no letters, no numbers, no border, no frame, no card edges, no watermark, no signature.","Vintage tarot card illustration in the style of early 1900s Art Nouveau tarot decks, bold black ink outlines, flat muted watercolour colours, aged parchment paper texture, symmetrical centred composition, one full-body figure standing in the middle third of the image: a glowing orb of pure light with tethers of energy, floating in the air, under a violet twilight sky with stars and distant ruins. No text, no letters, no numbers, no border, no frame, no card edges, no watermark, no signature. --ar 2:3 --style raw"
lone_druid.png,Lone Druid,Universal,"Vintage tarot card illustration in the style of early 1900s Art Nouveau tarot decks, bold black ink outlines, flat muted watercolour colours, aged parchment paper texture, symmetrical centred composition, one full-body figure standing in the middle third of the image: a druid in a bear-skin cloak standing beside his giant spirit bear companion, under a violet twilight sky with stars and distant ruins. No text, no letters, no numbers, no border, no frame, no card edges, no watermark, no signature.","Vintage tarot card illustration in the style of early 1900s Art Nouveau tarot decks, bold black ink outlines, flat muted watercolour colours, aged parchment paper texture, symmetrical centred composition, one full-body figure standing in the middle third of the image: a druid in a bear-skin cloak standing beside his giant spirit bear companion, under a violet twilight sky with stars and distant ruins. No text, no letters, no numbers, no border, no frame, no card edges, no watermark, no signature. --ar 2:3 --style raw"
magnataur.png,Magnus,Universal,"Vintage tarot card illustration in the style of early 1900s Art Nouveau tarot decks, bold black ink outlines, flat muted watercolour colours, aged parchment paper texture, symmetrical centred composition, one full-body figure standing in the middle third of the image: a mammoth-horned beastman with a long horn and a heavy spear, stomping the ground, under a violet twilight sky with stars and distant ruins. No text, no letters, no numbers, no border, no frame, no card edges, no watermark, no signature.","Vintage tarot card illustration in the style of early 1900s Art Nouveau tarot decks, bold black ink outlines, flat muted watercolour colours, aged parchment paper texture, symmetrical centred composition, one full-body figure standing in the middle third of the image: a mammoth-horned beastman with a long horn and a heavy spear, stomping the ground, under a violet twilight sky with stars and distant ruins. No text, no letters, no numbers, no border, no frame, no card edges, no watermark, no signature. --ar 2:3 --style raw"
marci.png,Marci,Universal,"Vintage tarot card illustration in the style of early 1900s Art Nouveau tarot decks, bold black ink outlines, flat muted watercolour colours, aged parchment paper texture, symmetrical centred composition, one full-body figure standing in the middle third of the image: a young martial artist girl with short hair and fists raised, ready to fight, under a violet twilight sky with stars and distant ruins. No text, no letters, no numbers, no border, no frame, no card edges, no watermark, no signature.","Vintage tarot card illustration in the style of early 1900s Art Nouveau tarot decks, bold black ink outlines, flat muted watercolour colours, aged parchment paper texture, symmetrical centred composition, one full-body figure standing in the middle third of the image: a young martial artist girl with short hair and fists raised, ready to fight, under a violet twilight sky with stars and distant ruins. No text, no letters, no numbers, no border, no frame, no card edges, no watermark, no signature. --ar 2:3 --style raw"
mirana.png,Mirana,Universal,"Vintage tarot card illustration in the style of early 1900s Art Nouveau tarot decks, bold black ink outlines, flat muted watercolour colours, aged parchment paper texture, symmetrical centred composition, one full-body figure standing in the middle third of the image: a moon princess archer riding a giant white cat, a starry arrow on her bow, under a violet twilight sky with stars and distant ruins. No text, no letters, no numbers, no border, no frame, no card edges, no watermark, no signature.","Vintage tarot card illustration in the style of early 1900s Art Nouveau tarot decks, bold black ink outlines, flat muted watercolour colours, aged parchment paper texture, symmetrical centred composition, one full-body figure standing in the middle third of the image: a moon princess archer riding a giant white cat, a starry arrow on her bow, under a violet twilight sky with stars and distant ruins. No text, no letters, no numbers, no border, no frame, no card edges, no watermark, no signature. --ar 2:3 --style raw"
nyx_assassin.png,Nyx Assassin,Universal,"Vintage tarot card illustration in the style of early 1900s Art Nouveau tarot decks, bold black ink outlines, flat muted watercolour colours, aged parchment paper texture, symmetrical centred composition, one full-body figure standing in the middle third of the image: an insect-like assassin with a spiked carapace and mandibles, rising from the ground, under a violet twilight sky with stars and distant ruins. No text, no letters, no numbers, no border, no frame, no card edges, no watermark, no signature.","Vintage tarot card illustration in the style of early 1900s Art Nouveau tarot decks, bold black ink outlines, flat muted watercolour colours, aged parchment paper texture, symmetrical centred composition, one full-body figure standing in the middle third of the image: an insect-like assassin with a spiked carapace and mandibles, rising from the ground, under a violet twilight sky with stars and distant ruins. No text, no letters, no numbers, no border, no frame, no card edges, no watermark, no signature. --ar 2:3 --style raw"
pangolier.png,Pangolier,Universal,"Vintage tarot card illustration in the style of early 1900s Art Nouveau tarot decks, bold black ink outlines, flat muted watercolour colours, aged parchment paper texture, symmetrical centred composition, one full-body figure standing in the middle third of the image: a dashing pangolin swordsman in a feathered hat with a rapier and a rolled-up armoured shell, under a violet twilight sky with stars and distant ruins. No text, no letters, no numbers, no border, no frame, no card edges, no watermark, no signature.","Vintage tarot card illustration in the style of early 1900s Art Nouveau tarot decks, bold black ink outlines, flat muted watercolour colours, aged parchment paper texture, symmetrical centred composition, one full-body figure standing in the middle third of the image: a dashing pangolin swordsman in a feathered hat with a rapier and a rolled-up armoured shell, under a violet twilight sky with stars and distant ruins. No text, no letters, no numbers, no border, no frame, no card edges, no watermark, no signature. --ar 2:3 --style raw"
sand_king.png,Sand King,Universal,"Vintage tarot card illustration in the style of early 1900s Art Nouveau tarot decks, bold black ink outlines, flat muted watercolour colours, aged parchment paper texture, symmetrical centred composition, one full-body figure standing in the middle third of the image: a giant scorpion-like king made of sand and armour, a desert storm around him, under a violet twilight sky with stars and distant ruins. No text, no letters, no numbers, no border, no frame, no card edges, no watermark, no signature.","Vintage tarot card illustration in the style of early 1900s Art Nouveau tarot decks, bold black ink outlines, flat muted watercolour colours, aged parchment paper texture, symmetrical centred composition, one full-body figure standing in the middle third of the image: a giant scorpion-like king made of sand and armour, a desert storm around him, under a violet twilight sky with stars and distant ruins. No text, no letters, no numbers, no border, no frame, no card edges, no watermark, no signature. --ar 2:3 --style raw"
snapfire.png,Snapfire,Universal,"Vintage tarot card illustration in the style of early 1900s Art Nouveau tarot decks, bold black ink outlines, flat muted watercolour colours, aged parchment paper texture, symmetrical centred composition, one full-body figure standing in the middle third of the image: a cheerful old woman riding a giant lizard and holding a homemade blunderbuss, cookies in a basket, under a violet twilight sky with stars and distant ruins. No text, no letters, no numbers, no border, no frame, no card edges, no watermark, no signature.","Vintage tarot card illustration in the style of early 1900s Art Nouveau tarot decks, bold black ink outlines, flat muted watercolour colours, aged parchment paper texture, symmetrical centred composition, one full-body figure standing in the middle third of the image: a cheerful old woman riding a giant lizard and holding a homemade blunderbuss, cookies in a basket, under a violet twilight sky with stars and distant ruins. No text, no letters, no numbers, no border, no frame, no card edges, no watermark, no signature. --ar 2:3 --style raw"
techies.png,Techies,Universal,"Vintage tarot card illustration in the style of early 1900s Art Nouveau tarot decks, bold black ink outlines, flat muted watercolour colours, aged parchment paper texture, symmetrical centred composition, one full-body figure standing in the middle third of the image: three goblin bomb makers riding a rickety mechanical contraption with a big bomb, under a violet twilight sky with stars and distant ruins. No text, no letters, no numbers, no border, no frame, no card edges, no watermark, no signature.","Vintage tarot card illustration in the style of early 1900s Art Nouveau tarot decks, bold black ink outlines, flat muted watercolour colours, aged parchment paper texture, symmetrical centred composition, one full-body figure standing in the middle third of the image: three goblin bomb makers riding a rickety mechanical contraption with a big bomb, under a violet twilight sky with stars and distant ruins. No text, no letters, no numbers, no border, no frame, no card edges, no watermark, no signature. --ar 2:3 --style raw"
venomancer.png,Venomancer,Universal,"Vintage tarot card illustration in the style of early 1900s Art Nouveau tarot decks, bold black ink outlines, flat muted watercolour colours, aged parchment paper texture, symmetrical centred composition, one full-body figure standing in the middle third of the image: a toxic plant beast with spines and venom glands, poison mist around it, under a violet twilight sky with stars and distant ruins. No text, no letters, no numbers, no border, no frame, no card edges, no watermark, no signature.","Vintage tarot card illustration in the style of early 1900s Art Nouveau tarot decks, bold black ink outlines, flat muted watercolour colours, aged parchment paper texture, symmetrical centred composition, one full-body figure standing in the middle third of the image: a toxic plant beast with spines and venom glands, poison mist around it, under a violet twilight sky with stars and distant ruins. No text, no letters, no numbers, no border, no frame, no card edges, no watermark, no signature. --ar 2:3 --style raw"
visage.png,Visage,Universal,"Vintage tarot card illustration in the style of early 1900s Art Nouveau tarot decks, bold black ink outlines, flat muted watercolour colours, aged parchment paper texture, symmetrical centred composition, one full-body figure standing in the middle third of the image: a winged stone gargoyle guardian with two smaller gargoyle familiars, under a violet twilight sky with stars and distant ruins. No text, no letters, no numbers, no border, no frame, no card edges, no watermark, no signature.","Vintage tarot card illustration in the style of early 1900s Art Nouveau tarot decks, bold black ink outlines, flat muted watercolour colours, aged parchment paper texture, symmetrical centred composition, one full-body figure standing in the middle third of the image: a winged stone gargoyle guardian with two smaller gargoyle familiars, under a violet twilight sky with stars and distant ruins. No text, no letters, no numbers, no border, no frame, no card edges, no watermark, no signature. --ar 2:3 --style raw"
void_spirit.png,Void Spirit,Universal,"Vintage tarot card illustration in the style of early 1900s Art Nouveau tarot decks, bold black ink outlines, flat muted watercolour colours, aged parchment paper texture, symmetrical centred composition, one full-body figure standing in the middle third of the image: a purple-robed spirit monk of the void with a staff, astral cracks in the air around him, under a violet twilight sky with stars and distant ruins. No text, no letters, no numbers, no border, no frame, no card edges, no watermark, no signature.","Vintage tarot card illustration in the style of early 1900s Art Nouveau tarot decks, bold black ink outlines, flat muted watercolour colours, aged parchment paper texture, symmetrical centred composition, one full-body figure standing in the middle third of the image: a purple-robed spirit monk of the void with a staff, astral cracks in the air around him, under a violet twilight sky with stars and distant ruins. No text, no letters, no numbers, no border, no frame, no card edges, no watermark, no signature. --ar 2:3 --style raw"
windrunner.png,Windranger,Universal,"Vintage tarot card illustration in the style of early 1900s Art Nouveau tarot decks, bold black ink outlines, flat muted watercolour colours, aged parchment paper texture, symmetrical centred composition, one full-body figure standing in the middle third of the image: a ranger woman with flowing red hair and a bow, wind swirling her cloak, under a violet twilight sky with stars and distant ruins. No text, no letters, no numbers, no border, no frame, no card edges, no watermark, no signature.","Vintage tarot card illustration in the style of early 1900s Art Nouveau tarot decks, bold black ink outlines, flat muted watercolour colours, aged parchment paper texture, symmetrical centred composition, one full-body figure standing in the middle third of the image: a ranger woman with flowing red hair and a bow, wind swirling her cloak, under a violet twilight sky with stars and distant ruins. No text, no letters, no numbers, no border, no frame, no card edges, no watermark, no signature. --ar 2:3 --style raw"
winter_wyvern.png,Winter Wyvern,Universal,"Vintage tarot card illustration in the style of early 1900s Art Nouveau tarot decks, bold black ink outlines, flat muted watercolour colours, aged parchment paper texture, symmetrical centred composition, one full-body figure standing in the middle third of the image: an icy wyvern dragon with frosted wings and a scholarly air, books made of ice around her, under a violet twilight sky with stars and distant ruins. No text, no letters, no numbers, no border, no frame, no card edges, no watermark, no signature.","Vintage tarot card illustration in the style of early 1900s Art Nouveau tarot decks, bold black ink outlines, flat muted watercolour colours, aged parchment paper texture, symmetrical centred composition, one full-body figure standing in the middle third of the image: an icy wyvern dragon with frosted wings and a scholarly air, books made of ice around her, under a violet twilight sky with stars and distant ruins. No text, no letters, no numbers, no border, no frame, no card edges, no watermark, no signature. --ar 2:3 --style raw"
